acm_code,acm_dtl_introduction,acm_dtl_notice,acm_dtl_info,acm_dtl_usage_guide,acm_dtl_add_personnel,acm_dtl_room_info,acm_dtl_faciliteis,acm_dtl_parking,acm_dtl_transport,acm_dtl_benefit,acm_dtl_surrounding_info,acm_dtl_guide,acm_dtl_policy,acm_dtl_etc
1,,"대형 차량의 경우 호텔로 사전 연락 부탁드립니다. 해당 호텔은 9F을 제외한 전 객실 금연으로 운영 중입니다. 금연 객실 내 에서 흡연 시, 별도의 청소비용이 청구 될 수 있는 점 양해 부탁드립니다. 단체 예약은 호텔로 사전 문의 부탁드립니다. 문의사항은 010-5705-5813 부탁드립니다.",,,,,,총 10대 주차시설 보유,지하철 정보%%2호선 신촌역%%2호선 이대역%%경의중앙선 신촌(경의선)역%%경의중앙선 서강대역,,,,"이 숙소의 취소 규정은 ""취소 가능""입니다. 당일예약은 체크인 시각의 3시간전까지, 미리예약은 체크인 날짜의 1일전까지 취소 가능합니다.%%연박예약의 경우 부분취소(일부 날짜만 취소)할 수 없습니다.%%숙소 사정에 의한 취소 시 100% 환불 가능합니다.%%모텔은 예약 직후 1시간 이내에는 취소가 가능합니다.(단, 예약 시점이 체크인 시간을 이미 넘긴 경우엔 15분 이내에만 취소 가능합니다.)%%예약 직후 1시간이내라 하더라도 입실(체크인) 시간 경과 시 취소/환불 불가합니다.",
2,"백련산 앞에 위치해 도심속에서 자연의 수려한 경관을 즐길 수 있는 특1급 호텔, 스위스 그랜드 호텔입니다",[사우나 휴관 안내]%%사우나 휴관으로 이용이 불가하오니 이용에 참고해 주시기 바랍니다 (기간 미정)%%%%[2024년 수영장 오픈 일정 안내]%%운영 일정 : 2024년 7월 1일~8월 24일%%운영 시간 : 11:00~20:00%%투숙객 한정 무료 이용 (외부 고객 입장 불가),"체크인 : 15:00 | 체크아웃 : 12:00%%레이트 체크아웃 시 추가요금 부과 (현장 결제) / 시간당 24,200원 (1시 체크아웃 시 24,200원, 2시 체크아웃 시 48,400원)%%무료 Wi-Fi (2베드룸, 3베드룸, 4베드룸 제외)%%전 객실 금연%%Bath Amenity (치약, 칫솔 유료)%%주차 가능 (무료 / 객실당 1대)",,"엑스트라 베드 추가 : 1박당 60,500원 (디럭스 객실만 가능)%%레지던스 객실 : 침구 및 침대 추가 불가%%영유아 인원수 포함 / 최대 인원 초과 불가%%현장 결제 및 추가 비용 호텔 프론트 문의",,"피트니스 센터 / LL층 / 06:30~21:00 / 객실 당 2인 무료, 인원 추가 시 추가요금 발생 / 투숙 기간 내 이용횟수 제한 없음 / 만 18세 이상 입장 가능%%사우나 / 임시 휴관 (2022년 2월 28일~추후 안내 시까지)%%수영장 / 2024년 운영 기간 : 7월 1일~8월 24일 / 11:00~20:00 / 투숙객 한정 무료 이용 (외부 고객 입장 불가)%%%%[부대시설 운영 변경 안내]%%EFL 라운지 : 미운영 (이그제큐티브 플로어 라운지 미운영으로 스위트, 이그제큐티브 객실 혜택 중 해피아워는 제외됩니다)%%호텔 운영상황에 따라 별도 공지 없이 변경될 수 있습니다",,,피트니스 센터,,"M3조식 정보%%에이트리움 조식 / 07:00~10:00 / 뷔페%%1인 40,000원 (만 13세 이상~성인), 20,000원 (만 7세 이상~만 12세 이하), 12,000원 (36개월 이상~만 6세 이하), 36개월 미만 무료%%상기 내용은 호텔 상황에 따라 변동될 수 있습니다","[기본 취소규정]%%체크인 기준 2일 전 17시까지 : 100% 환불%%체크인 기준 2일 전 17시 이후 ~당일 및 No-show : 환불 불가%%취소, 환불시 수수료가 발생할 수 있습니다%%아래 객실은 별도 취소 규정이 적용되오니 참고 부탁드립니다%%[선착순! 파격특가], [얼리버드 특가] 객실 : 예약 후 취소, 변경, 환불 불가","위의 정보는 호텔의 사정에 따라 변경될 수 있습니다%%체크인 시 Deposit(보증금)을 요구할 수 있고, 퇴실 시 전액 환불됩니다%%(단, 유료 서비스 이용 및 기물 파손 시 청구될 수 있음)%%최대 인원 초과 시 입실 불가합니다%%미성년자는 보호자 동반 없이 이용이 불가합니다%%이미지는 실제와 상이 할 수 있습니다%%체크인 시 배정 상품 또는 베드 타입이 미기재된 상품은 특정 객실과 베드 타입을 보장하지 않습니다%%객실가는 세금, 봉사료가 포함된 금액입니다"
3,,"주차시설을 보유한 숙소입니다.(차량 이용 시 숙소에 문의해 주세요.)%%객실은 체크인 시 배정되며 사진과 다를 수 있습니다.%%만 19세 미만 청소년 혼숙은 법적으로 불가하며, 이에 대한 숙소의 입실 거부 시 취소/환불이 불가합니다.%%만 19세 미만 청소년 예약에 대한 숙소의 입실 거부 시 취소/환불이 불가하오니, 예약 전 반드시 숙소에 확인하시기 바랍니다.",,,,"21년 3월%%에어컨 전문 업체를 통해서 청소 및 세척을 완료했습니다.%%파티룸(VVIP)사용시 주의사항샤워 후 욕조사용하기욕조에 거품비누 및 이물질 절대 넣지 마시오욕조위에 담배 및 화기성이 될만한 물건을 절대 올려 놓지 마시오욕조 파손시 보상 및 책임이 따르므로 꼭 지켜주세요%%현재 욕조는 사용가능하지만 월풀스파는 사용 불가능 합니다.%%노래방마이크, 기타 등등은 보증금을 받고 대여하고 있습니다.이물질을 욕조에 넣으시면 다음 손님이 이용을 못하므로 다음 손님의 객실료를 부담하셔야 합니다.%%객실 사용시 주의사항객실 내부 벽 또는 천장에 풍선, 테이프, 기타 이물질을 절대 붙이지 않는다.모든 객실 내부에 있는 물건을 파손하지 않는다벽이나 객실 내부에 낙서 금지화재의 위험이 있으므로 촛불 금지객실 외 물품 대여에 대해서는 보증금 발생위를 위반시에는 보상 및 책임이 따르므로 꼭 지켜주시기 바랍니다.",프론트 및 그외 시설%%컴퓨터 사양%%모니터: 32인치 165h 커브드 무결점%%마우스: 로지텍 G302%%키보드: MKF30S RAINBOW 청축%%CPU: I5-8500 커피레이크%%그래픽카드:RTX 2070 ( GTX1080TI 급)%%RAM : 16gb,주차시설을 보유한 숙소입니다. (차량 이용 시 숙소에 문의해 주세요.)%%토요일 1톤 이상 탑차 주차 불가하오니 참고 부탁드립니다.,지하철 정보%%5호선 강동역%%5호선 굽은다리(강동구민회관앞)역,,,"IMT 1은 일반실 A-Type, IMT 2는 일반실 B-Type으로 구분 되어 있습니다.%%노래방, 스파/월풀 이용 시 추가 금액 5만원 발생됩니다.","이 숙소의 취소 규정은 ""취소 가능""입니다. 당일예약은 체크인 시각의 3시간전까지, 미리예약은 체크인 날짜의 1일전까지 취소 가능합니다.%%연박예약의 경우 부분취소(일부 날짜만 취소)할 수 없습니다.%%숙소 사정에 의한 취소 시 100% 환불 가능합니다.%%모텔은 예약 직후 1시간 이내에는 취소가 가능합니다.(단, 예약 시점이 체크인 시간을 이미 넘긴 경우엔 15분 이내에만 취소 가능합니다.)%%예약 직후 1시간이내라 하더라도 입실(체크인) 시간 경과 시 취소/환불 불가합니다.",
4,안녕하세요 넓고 쾌적한 객실을 자랑하는 론스타호텔입니다.,"일반실,특실 객실요금은 2인 1실 입실기준 (일반실 추가입실 금지)%%특실 최대 3인 이용가능 (3인시 추가요금 발생)(동성만3인입실가능)%%특실 트윈침대 필요시 예약후 문의 부탁드립니다%%2인이상 추가요금 발생 (혼숙금지)%%신분증 미지참(복사본X)시 입실 거부됩니다. (취소 환불 불가합니다)%%미성년자 예약 입실 거부됩니다. (취소 환불 불가합니다)%%객실 이용시 차량은 가능하시나 객실당 1대만 주차가능 (미리주차 불가)",,"주차시설을 보유한 숙소입니다.(차량 이용 시 숙소에 문의해 주세요.)%%객실은 체크인 시 배정되며 사진과 다를 수 있습니다.%%만 19세 미만 청소년 혼숙은 법적으로 불가하며, 이에 대한 숙소의 입실 거부 시 취소/환불이 불가합니다.%%만 19세 미만 청소년 예약에 대한 숙소의 입실 거부 시 취소/환불이 불가하오니, 예약 전 반드시 숙소에 확인하시기 바랍니다.",,비즈니스 손님들을 위한 트윈룸 완비%%트윈룸 이용시 3인까지 이용가능 하나 추가요금이 발생 합니다%%추가요금은 현장결제입니다%%객실 체크인시 2인이상 고객분들께선 말씀해주세요.%%혼숙금지(동성만 3인입실가능),"프론트 및 그외 시설%%전객실 공기청정기 완비 .금연객실 이용가능, 전객실 넷플릭스 자동로그인",총 30대 주차시설 보유%%객실 체크인 시간에 주차가능 (미리주차 불가),지하철 정보%%1호선 창동역%%4호선 창동역%%7호선 노원역,,,,"이 숙소의 취소 규정은 ""취소 가능""입니다. 당일예약은 체크인 시각의 3시간전까지, 미리예약은 체크인 날짜의 1일전까지 취소 가능합니다.%%연박예약의 경우 부분취소(일부 날짜만 취소)할 수 없습니다.%%숙소 사정에 의한 취소 시 100% 환불 가능합니다.%%모텔은 예약 직후 1시간 이내에는 취소가 가능합니다.(단, 예약 시점이 체크인 시간을 이미 넘긴 경우엔 15분 이내에만 취소 가능합니다.)%%예약 직후 1시간이내라 하더라도 입실(체크인) 시간 경과 시 취소/환불 불가합니다.",
5,,"저희 에비뉴 오시는 고객님들 필독 부탁드립니다!!%%전 객실 최대 2인까지 입니다 3인 이상 입실 원하시면 꼭 숙소 문의 후 예약 잡아주세요(글램핑 이용고객 포함 / 글램핑은 2인 객실 1개 제공입니다)%%패밀리트윈 최대 3인까지 가능 (결제하신 금액은 2인 기준 금액이라 인원추가비 1만원 만원 발생 입실시 추가결제 필요! )%%- 도보특가, 레이트체크인, 이벤트룸, 선착순특가 객실 랜덤이에요ㅜ 제발 확인하고 예약 부탁드려요 ( 저희 침대 2개인 트윈룸도 보유하고있어서 더블룸 예약 많고 트윈 예약 없으면 트윈으로 배정되십니다 객실 변경 원하시면 남아있는 객실중 예약주신 금액과 차액 발생하십니다 / 1인이라고 침대 1개, 커플이라고 침대 2개 배정 아니에요,, 말 그대로 예약 상황에 따라 랜덤이니 더블룸 원하시는 분들은 제발 제발 더블룸으로 예약 부탁드립니다 ㅜㅜ )%%- 전 객실 넷플릭스, 디즈니, 티빙 시청가능%%- 객실 내 고데기 있어요%%- 유선 충전기는 프론트에서 신분증 보관 후 대여%%체크인 시 배정 또는 배드타입 미기재 상품은 특정객실과 배드타입을 보장하지 않습니다(도보특가,레이트체크인,선착순특가,이벤트룸 객실 랜덤)%%객실 변경(인원추가로 인한 객실 변도 포함) 원할 시 원하시는 객실 타입 금액과 예약주신 객실 타입 차액만큼 추가요금(인원추가비 별도 1만원)이 발생하십니다. (대실은 당일 해당타입 금액과 시간에 따른 금액추가 + 시간차감 되실 수 있어요 원하시는 객실 있으시면 꼭 그 객실에 맞게 예약 부탁드립니다!!!!)%%-패밀리트윈 객실 3인까지 가능/ 예약 다 차면 3인 입실 원하셔도 객실 2개 예약주셔야합니다!%%* 연박을 원하시는 분들은 꼭 전화문의 부탁드립니다~ *%%-랜덤배정 타입은 연박/연장 안되요(꼭 전화 문의 주세요)%%- EX) 모든 숙박 평일 15시퇴실 다음날 16시 입실입니다!%%시간 꼭 확인해주시고 1시간 빈 타임 1만원 추가요금 발생함%%불법프로그램 이용 시 취소/환불 불가%%당일 취소,환불 절대 불가",,"주차시설을 보유한 숙소입니다.(차량 이용 시 숙소에 문의해 주세요.)%%객실은 체크인 시 배정되며 사진과 다를 수 있습니다.%%만 19세 미만 청소년 혼숙은 법적으로 불가하며, 이에 대한 숙소의 입실 거부 시 취소/환불이 불가합니다.%%만 19세 미만 청소년 예약에 대한 숙소의 입실 거부 시 취소/환불이 불가하오니, 예약 전 반드시 숙소에 확인하시기 바랍니다.",저희 에비뉴는 전 객실 최대 인원 2인을 기준으로한 금액입니다. 3인 이상 숙박을 원하시는 경우 꼭 프론트로 문의 주시고 예약 바랍니다ㅜㅜ,연박/연장시 숙소문의(연박상품 제외 같은방 연박X 기본 상품으로 연박예약시 하루마다 객실 변경해주셔야돼요! 같은방에서 사용 불가능) 프론트로 전화 부탁드립니다.전 객실 최대 2인까지 입니다 3인 이상 입실 원하시면 꼭 숙소 문의 후 예약 잡아주세요(글램핑 이용고객 포함 / 글램핑은 2인 객실 1개 제공입니다),,"총 20대 주차시설 보유%%주차는 객실 1개당 1대 가능합니다!! (모든 대실,숙박)%%객실당 1대 이상 주차 하실경우 1대당 3만원씩 부과될 수 있음을 고지 합니다!!%%-주차비 없어요 주차장 여유가 될 경우 기본 대실요금만 받고 주차 해드리고 있습니다 금액지불시 당연주차 아닙니다ㅜㅜ 입실하실때 객실 올라가기 전에 차 2대라고 말씀해주세요%%(특히 주말에는 차량이 많아 미리 연락 안주시면 추가차량 주차 불가능!)%%도보특가 상품 절대 주차 불가능!! _☆고객님의 착오로 인한 오예약은 취소 불가능합니다ㅠㅠ☆%%(다만 차량 이용시 객실타입 변경으로 인해 추가비용이 발생하실 수 있습니다!)%%화물차를 이용하시는 고객님은 예약 전 숙소로 문의주시기 바랍니다.%%주차도 입실 시간과 동일하게 적용되니 양해 부탁드립니다!%%입실시간 보다 주차를 먼저 원하시는 경우 꼭 호텔 문의 부탁드립니다!%%(이 경우 추가금이 발생하십니다!// 주차된 차량 많은경우 추가금 지불원해도 주차 안돼요ㅠㅠ)",지하철 정보%%3호선 불광역%%3호선 녹번역%%3호선 홍제역,,,,"이 숙소의 취소 규정은 ""취소 가능""입니다. 당일예약은 체크인 시각의 3시간전까지, 미리예약은 체크인 날짜의 1일전까지 취소 가능합니다.%%연박예약의 경우 부분취소(일부 날짜만 취소)할 수 없습니다.%%숙소 사정에 의한 취소 시 100% 환불 가능합니다.%%모텔은 예약 직후 1시간 이내에는 취소가 가능합니다.(단, 예약 시점이 체크인 시간을 이미 넘긴 경우엔 15분 이내에만 취소 가능합니다.)%%예약 직후 1시간이내라 하더라도 입실(체크인) 시간 경과 시 취소/환불 불가합니다.",
6,,"코로나바이러스 안심ZONE(전 객실 상시 소독 및 방역)%%* 코로나바이러스 감염예방%%1. 출입문손잡이, E/V버튼 등 다중이 이용하는 감염우려부분 집중 살균 관리하고 있습니다.%%2. 전 직원 마스크 착용 및 위생관리에 만전을 기하고 있습니다.%%3. 객실 및 로비 복도 등 전지역 방역 및 살균 소독을 상시 진행하고 있습니다.%%%%#넷플릭스 #웨이브 #유튜브 # 전객실 바로보기 #대형주차장 #모바일 시루 #재난지원금 사용가능 #대형 TV #안마의자 # 렌즈케이스 및 세척액 제공 #아이스크림 #토스트%% # 일회용 렌즈케이스 및 세척액 제공해드리고 있습니다.%% # 전 객실 넷플릭스, 웨이브, 유튜브, 무비넷, Play boy 시청 가능합니다.%% # 주차대행서비스 # 대형 별관 주차장완비 (본관 맞은편에 전용주차장 있습니다.)%%# 포인트 적립해드립니다. 프론트에 요청해주세요.%%# 안마의자 #대형 TV 설치되어있는 특실있습니다. 문의주세요. ",,"주차시설을 보유한 숙소입니다.(차량 이용 시 숙소에 문의해 주세요.)%%객실은 체크인 시 배정되며 사진과 다를 수 있습니다.%%만 19세 미만 청소년 혼숙은 법적으로 불가하며, 이에 대한 숙소의 입실 거부 시 취소/환불이 불가합니다.%%만 19세 미만 청소년 예약에 대한 숙소의 입실 거부 시 취소/환불이 불가하오니, 예약 전 반드시 숙소에 확인하시기 바랍니다.",,전객실 라텍스 침대와 사계절 오리털 이불로 편안한 잠자리 제공!%%최신 컴퓨터 완비 (2018년형)%%객실 개별 무료 와이파이 제공으로 빠른 인터넷 사용 가능%%최신영화 한 시간 전 TV 다시보기 무료 방영 (무비넷 제휴),,주차시설을 보유한 숙소입니다. (차량 이용 시 숙소에 문의해 주세요.),지하철 정보%%수인분당선 월곶역%%수인분당선 소래포구역%%수인분당선 달월역,,수인선 월곶역 개통으로 월곶에 오기 편해졌습니다!%%4호선 오이도역에서 환승 1정거장%%인천 지하철 원인재역에서 환승 5정거장%%월곶역 1번 출구에서 도보 5분 거리 위치%%해안도로를 따라 산책 가능한 월곶 포구%%다양한 회를 맛 볼수 있는 소래포구%%자연과 하나되는 소래습지생태공원%%등대 위에서 바다를 바라볼 수 있는 오이도,,"이 숙소의 취소 규정은 ""취소 가능""입니다. 당일예약은 체크인 시각의 3시간전까지, 미리예약은 체크인 날짜의 1일전까지 취소 가능합니다.%%연박예약의 경우 부분취소(일부 날짜만 취소)할 수 없습니다.%%숙소 사정에 의한 취소 시 100% 환불 가능합니다.%%모텔은 예약 직후 1시간 이내에는 취소가 가능합니다.(단, 예약 시점이 체크인 시간을 이미 넘긴 경우엔 15분 이내에만 취소 가능합니다.)%%예약 직후 1시간이내라 하더라도 입실(체크인) 시간 경과 시 취소/환불 불가합니다.",
7,,,,"주차시설을 보유한 숙소입니다.(차량 이용 시 숙소에 문의해 주세요.)%%객실은 체크인 시 배정되며 사진과 다를 수 있습니다.%%만 19세 미만 청소년 혼숙은 법적으로 불가하며, 이에 대한 숙소의 입실 거부 시 취소/환불이 불가합니다.%%만 19세 미만 청소년 예약에 대한 숙소의 입실 거부 시 취소/환불이 불가하오니, 예약 전 반드시 숙소에 확인하시기 바랍니다.",,"# 객실 요금은 전 객실 2인 입실 기준. 객실정보의 기준/최대인원을 확인하여 주시기 바랍니다.(추가 인원 적발 시 퇴실 조치 되오니 양해바랍니다.)%%# 체크인/체크아웃 시간은 요일 별로 상이하니 예약 전 미리 확인 부탁드립니다.%%# 미성년자(2003년생 미만)는 출입에 제한을 받을 수 있습니다. 미성년자 예약으로 인해 발생하는 입실거부에 대해서는 취소/환불이 불가합니다.%%# 호텔 객실 사정으로 인해 객실정보가 수시로 변경 될 수 있습니다.%%# 전객실 사진과 다를 수 있다는 점 양해 부탁드립니다.(객실 랜덤 배정)%%# 전 객실 방충망 설치 완료%%# 담배빵, 훼손 등 금지(적발시 비용 청구함)%%# 핸드폰 충전기 대여 X(지참 바람)","프론트 및 그외 시설%%1회용 필수용품 제공일회용 렌즈케이스 및 식염수 제공커피머신기 보유중 (카푸치노, 에소프레소, 아메리카노, 얼음 정수기)1층 로비에 전자렌지 및 일회용 젓가락, 숟가락이 항시 준비 되어있습니다",총 12대 주차시설 보유%%# 주차장이 협소하므로 예약 객실 당 차량 1대를 기준으로 주차장이 운영되며 입실 시간 전 주차는 불가하오니 참고 부탁드립니다.%%# 2022년 7월 27일 주차장 공사 완료,★지하철 정보%%1호선 동암역%%★도보%%동암역 2번 출구 나와서 스타벅스쪽 골목으로 들어오신 후 GS25 편의점에서 좌회전 후%%걸어오시면 저희 3&4호텔 보입니다,,,,"이 숙소의 취소 규정은 ""취소 가능""입니다. 당일예약은 체크인 시각의 3시간전까지, 미리예약은 체크인 날짜의 1일전까지 취소 가능합니다.%%연박예약의 경우 부분취소(일부 날짜만 취소)할 수 없습니다.%%숙소 사정에 의한 취소 시 100% 환불 가능합니다.%%모텔은 예약 직후 1시간 이내에는 취소가 가능합니다.(단, 예약 시점이 체크인 시간을 이미 넘긴 경우엔 15분 이내에만 취소 가능합니다.)%%예약 직후 1시간이내라 하더라도 입실(체크인) 시간 경과 시 취소/환불 불가합니다.",
8,강문해변 앞에 자리 잡아 객실에서 드넓고 아름다운 바다를 감상할 수 있습니다%%아름다운 대자연과 어우러지는 특별하고도 환상적인 경험을 느낄 수 있습니다,"[플라스틱 캠페인 안내]%%일회용 플라스틱 사용으로 인해 고통받는 지구를 살리고자 적극적인 지구 살리기 캠페인 진행%%샴푸,컨디셔너,바디워시,핸드워시는 친환경 다회용 제품으로 제공, 칫솔/치약/슬리퍼(1회 용품) 등 기타 객실 일회용 어메니티는 호텔 내 비치된 자판기로 구입 가능",체크인: 16:00 | 체크아웃: 11:00%%22시 이후 체크인 시 호텔 프론트 문의%%무료 Wi-Fi%%전 객실 금연%%무료주차(1박 1차량 무료/초과 시 차량 박당 1만원 비용 발생)%%호텔 내부주차장 만차시 외부주차장 이용%%외부주차장: 강릉시 해안로 298-7,,,,"오크랩/오션타워3층/일~목 단품 플래터 금~일 뷔페 운영/요금 및 운영시간 공식 홈페이지 참조%%앙빵/오션타워 1층/일~목08:00~19:00,금~토08:00~20:00%%강문 주막/파인타워 1층/런치 월~일 12시~17시, 디너 일~목 17시~1시, 금~토 17시~2시 (라스트 오더 영업 종료 1시간 전)%%키즈클럽/오션타워 4층/10:00~16:30/선착순 사전 예약제(예약은 이용일 기준 전일 18시 마감)/문의 033-660-9593/세부 내용 공식 홈페이지 참조%%영업 일시적으로 중단 가능: 예약시 방문 가능 여부 확인 필수%%로제펫살롱 (펫 돌봄 서비스) / 레이크 타워 6층 / 10:00~20:00 / 반려견 전문 호텔, 미용(목욕), 유치원 등 유료 서비스 제공%%운영 시각은 상황에 따라 변동될 수 있습니다",,,,,"반려견 이용 정책%%반려견 동반 객실을 제외한 모든 객실은 반려견 동반 입실 불가 / 위반시 벌금 30만원 청구%%반려견 동반 투숙시 반려견의 견종 및 몸무게 제한은 없으나 15kg 이상의 반려견은 호텔 내부 공용 공간에서 반드시 입마개를 착용%%(입마개 미착용시 입실 및 예약에 대한 환불 불가, 입마개는 호텔 내 앙빵 멀티샵에서 구매 가능)%%1마리 이상의 반려견 추가시 마리 당 35,000원의 추가 비용이 발생합니다 (대형견은 객실당 1마리에 한하여 입실이 허용)%%반려견 추가시 제공되는 어메니티: 배변패드 2매,배변봉투 2매,수건 2장,밥그릇 1개%%반려견 허용 식음업장: 오!크랩, 앙빵 (내부 입장 시 케이지 또는 견모차 이용이 필수)%%펫모차(반려견 유모차)는 프론트에서 대여 가능/1시간당 5천원, 종일 2만원%%객실 내 직원 방문하여 서비스가 필요할 시 반려견의 안전을 위하여 반드시 케이지 안 또는 목줄 착용%%객실 내, 외부에 동반 반려견을 절대 혼자 두어서는 안되며 보호자의 부주의로 인한 사고 및 동반 반려견 분실에 대해서 세인트존스 호텔과 직원은 책임을 지지 않습니다%%다른 반려견 또는 사람에게 심한 짖음과 공격성을 보이는 반려견은 환불 없이 퇴실 조치가 취해질 수 있습니다%%동반 반려견이 다른 고객과 반려견에게 피해를 주거나 사고가 발생한 경우 당사자 간의 해결을 원칙으로 하고, 세인트존스 호텔과 직원에게 책임을 물을 수 없습니다%%호텔 내/외부에서 배변시 배설물은 바로 치워야 합니다%%투숙 시 반려견으로 인한 호텔의 손상 혹은 피해에 대해 전적으로 책임을 지고 반려견으로 인해 피해를 입은 다른 고객이나 직원에 대해서도 전적으로 책임을 져야 하며, 호텔에 반려견이 투숙하는 것과 관련하여 발생한 실제 손실, 요구, 피해, 책임, 경비 및 비용(대리인/변호사 수수료 및 소송 비용 포함)에 대하여 호텔 주체를 위해 변상함에 동의하는 것으로 간주%%파인타워 인피니티풀 반려견 무료 입장 가능%%인피니티풀 이용안내: 어질리티 에어리어(무료),동계 볼풀장/하계 튜브수영장(무료),자쿠지&카바나(유료),메인 수영조 입수불가,사우나,파우더룸 출입불가,반려견 목욕머신&자동건조머신(유료 5,000원)%%%%인피니티풀 안내%%유료(공식 홈페이지 참조)%%%%[파인타워 인피니티 풀]%%파인타워 6층(리셉션4층)%%운영시간: 08~22시(발권마감 21시)/브레이크타임 13:00~14:00%%반려견 동반 입장 가능%%[오션타워 인피니티 풀]%%오션타워 16층%%반려견 동반 입장 불가%%운영시간: 1부(전 연령) 08:00~20:00, 2부(성인 전용) 20:30~23:00 / 브레이크타임 13:00~14:00, 20:00~20:30%%상황에 따라 운영시간 및 규정이 변경될 수 있습니다(상세 내용 호텔 공식 홈페이지 참조)%%%%E.F.L 이용 안내%%운영 장소: 오션타워 16층 이그제큐티브 라운지%%운영 시간: 조식(07:00~10:00), 해피아워(16:00~21:00) *해피아워 입장마감 20:30%%골져스 오션 더블/트윈은 성인 2인 포함%%스위트 객실 이용시에만 각 객실 타입별 최대 정원만큼 무료 입장 가능%%EFL조식과 해피아워는 각 1회, 1시간만 이용 가능%%인원 추가시 16층 E.F.L에서 현장 구매 가능%%해피아워는 주류로 미성년자 단독 출입 불가,보호자 동반시 입장 가능%%단 프로모션 및 패키지 제공 사항에 따라 이그제큐티브 라운지 이용이 불가할 수 있음%%사우나 가운 및 수영복 착용 후 입장불가","[비수기]%%체크인 기준 3일 전: 100% 환불%%체크인 기준 2일 전: 70% 환불%%체크인 기준 1일 전: 50% 환불%%체크인 당일 및 No-show: 환불불가%%%%[성수기]%%체크인 기준 7일 전: 100% 환불%%체크인 기준 6~5일 전: 70% 환불%%체크인 기준 4~3일 전: 50% 환불%%체크인 기준 2~1일 전~당일 및 No-show: 환불불가%%※2024년 성수기: 7/19~8/17, 9/14~9/17%%취소,환불시 수수료가 발생할 수 있습니다%%예약 조건에 따라 취소 및 변경이 불가할 수 있습니다%%아래 객실은 별도 취소 규정이 적용되오니 참고 부탁드립니다%%[세인트 여름 영어 캠프 N차수 패키지] 객실 : 체크인 30일 전까지 100%환불, 이후 환불 불가",최대 인원 초과시 입실 불가%%미성년자는 보호자 동반없이 이용불가%%해당 이미지는 실제와 상이할 수 있습니다
9,국내외 귀빈들이 머물렀던 최고 수준의 힐튼호텔에서 특별한 하루를 보낼 수 있습니다%%보문호수 부근에 위치해 경주의 주요 관광지로의 뛰어난 접근성을 자랑합니다%%심플하고 모던한 분위기의 속의 세련되고 편안한 라이프스타일을 반영한 객실에서 비즈니스와 여가를 모두 누리기에 좋습니다,,"체크인 : 15:00 | 체크아웃 : 11:00%%무료 Wi-Fi%%전 객실 금연%%Bath Amenity (치약, 칫솔 유료)%%주차가능 (무료 / 객실당 1대)",,"인원 추가 무료 (최대 인원 초과 불가) / 상세 이용 호텔 문의%%침구 추가: 1채당 20,000원(온돌 객실만 적용 / 침대 객실 침구 추가 불가)%%침대 추가(보조 침대): 40,000원 / 디럭스 트윈 또는 더블 객실에 한하여 가능%%현장 결제 및 추가 비용 호텔 프런트 문의","디럭스 트윈 객실 : 성인 3인 이상 투숙 불가 및 최대 인원 초과 투숙 불가 (기준인원: 성인 2인, 최대인원: 성인 2인+어린이 2인) / 세미 싱글 사이즈 : 135cmX200cm 2개%%모든 객실은 비전망 객실이며, 레이크 뷰로 변경 시 추가 비용이 발생될 수 있습니다 (호텔 문의)","식음시설 / 레스토랑 (레이크사이드, 겐지, 실크로드, 신라 코트, 르구어메)%%피트니스센터 / 07:00~21:00 / 투숙객 체련장 무료 이용 가능 / 매월 첫째주 수요일 휴무%%사우나 / 07:00~21:00 / 대인 : 14,000원, 6~13세 11,000원 현장 결제 / 매월 첫째주 수요일 휴무%%%%[안녕 경주야 키즈클럽]%%이용 시간 : 10:00~20:00%%이용요금 (2시간 기준) : 투숙객 어린이 (만 13개월~12세) 15,000원 / 어른 (만 12세 이상) 5,000원 / 추가 이용요금 (30분) : 어린이 5,000원 / 어른 무료%%키즈 프로그램 이용 시 별도의 요금이 발생하며, 13개월 미만 영유아의 경우 증빙서류 (의료보험증, 호적등본 등) 확인 후 무료 이용이 가능합니다%%%%[수영장]%%1) 실내 수영장%%투숙객 전용 유료%%2) 실외 수영장%%투숙객 전용 유료%%운영 기간: 2024년 5월 4일~9월 29일 / 기후 사정에 따라 마감 일자는 변경될 수 있습니다",,,피트니스센터 무료 (남녀 운동복 무료 대여),,"조식 정보%%레이크사이드 / 1층 / 06:30~10:00 / 조식 뷔페 제공%%1인 45,000원 (12세 이상~성인), 25,000원 (48개월 이상~12세 미만)%%나이는 한국 나이 기준이며, 업체 사정에 의해 변경될 수 있습니다%%현장 결제","전 객실 예약 후(10분이내 취소 가능) 취소, 변경, 환불불가%%예약 후 10분 내 취소될 경우 취소 수수료가 발생하지 않습니다. (*체크인 시간 경과 후 제외)%%예약 후 10분 경과 시엔 해당 숙소의 취소 및 환불 규정이 적용됩니다.","체크인 시 Deposit(보증금)을 요구할 수 있고, 퇴실 시 전액 환불됩니다%%(단, 유료서비스 이용 및 기물파손 시 청구될 수 있음)%%최대인원 초과시 입실 불가합니다%%위의 정보는 호텔의 사정에 따라 변경될 수 있습니다%%이미지는 실제와 상이 할 수 있습니다%%체크인 시 배정 또는 베드타입 미기재 상품은 특정객실과 베드타입을 보장하지 않습니다%%객실가는 세금, 봉사료가 포함된 금액입니다%%미성년자는 보호자 동반없이 이용하실 수 없습니다"
10,"나만의 자유로운 스테이, 어반 스테이%%어반 스테이는 언제, 어디서나 나만의 자유로운 여행을 떠나고 싶을 때, 믿고 머물 수 있는 편안한 스테이 공간을 제공하고 있습니다","어반스테이 속초등대 인근 공사가 진행 중으로 이용에 참고 부탁드립니다 (공사 기간 미정)%%[체크인/아웃]%%다이렉트 체크인이며, 객실 정보는 체크인 당일 13시에 연락처로 안내됩니다%%당일 예약의 경우, 객실 정보 발송까지 1시간의 대기 시간이 발생할 수 있습니다%%22시 이후 체크인 시 모바일 프론트로 문의 부탁드립니다%%얼리/레이트 체크인/아웃은 시간당 비용이 발생하며, 객실 예약 상황에 따라 어려울 수 있습니다%%[모바일 프론트]%%문의 및 요청은 어반스테이 챗봇, 유선 전화로 가능하며 24시간 운영됩니다","체크인 16:00│체크아웃 11:00 (상품별 체크인/체크아웃 시간 상이)%%무료 Wi-Fi%%전 객실 금연%%일회용 칫솔,치약 세트 미제공 / 대용량 욕실 어메니티 비치",,"객실 내 모든 시설은 기준 인원에 맞춰져 있으며, 최대 인원을 초과하여 투숙은 불가합니다%%37개월 미만의 영유아는 인원수에 포함되지 않습니다","충전기, 헤어 고데기, 스킨케어 제품은 제공되지 않습니다%%숙박 기간 중에는 기본 클리닝이 제공되지 않습니다%%룸 클리닝 서비스가 필요하신 경우, 하루 전 모바일 프론트로 문의해 주시면 친절히 안내해 드리겠습니다 (유료 서비스)",,"유료 주차(카카오 발렛) : 1대당 7,000원/일%%투숙객 이용 요금 : 7,000원/박, 40,000원/월 (카드 결제 ONLY)%%예약 1건당 차량 1대만 이용 가능합니다%%발렛은 서비스로 이용 가능하며, 건물 내 1층 지하주차장 입구에서 안내받으실 수 있습니다%%출차는 1층 로비 태블릿을 통해 요청해 주시거나, 입차 시 안내받으신 티켓의 QR 스캔으로 진행하실 수 있습니다%%성수기/주말에는 주차공간이 부족할 수 있습니다%%만차인 경우에는 인근 도로변으로 주차하여야 하는 점 양해 부탁드립니다%%체크아웃 시간에는 엘리베이터 및 주차장이 혼잡하므로 30분 가량 여유 있게 퇴실하는 것을 권해드립니다",,짐 보관실 이용 가능 (무료/24시간 운영)%%전 객실 넷플릭스 이용 가능 (개인 계정 사용),,"취사 시설%%전 객실 간단 취사 가능%%객실 내 육류, 튀김류, 생선류 조리 금지","체크인일 기준 2일전 17시까지 : 100% 환불%%체크인일 기준 2일전 17시이후~당일 및 No-show : 환불불가%%취소, 환불 시 수수료가 발생할 수 있습니다","미성년자는 법적 보호자와 동반할 경우에만 숙박이 가능합니다%%반려동물과의 동반 투숙은 지원되지 않는 점 양해 부탁드립니다%%체크인 시간 전 임의로 입실 시, 3만원의 위약금이 부과될 수 있습니다%%안전한 숙박을 위해서 노력하고 있으나 게스트의 부주의로 인한 사고 발생 시에는 숙소에서 책임지기 어려우며 물품 파손 및 분실 시에는 최초 구입가 배상 청구되는 절차가 있음을 안내해 드립니다%%외부 발코니를 포함한 건물 내 모든 공간은 금연 구역입니다%%흡연 시 손해배상금 15만원이 부과되거나 이후 전 지점의 숙소 예약이 불가능할 수 있습니다%%다른 이용객에게 피해를 입히거나 위협적인 행위를 가하는 경우, 강제 퇴실이 이뤄집니다%%21시 이후에는 매너 타임으로 서로 배려 부탁드립니다%%퇴실 후 게스트 사용으로 인해 객실 상태가 불량한 경우, 특수 클리닝 비용이 청구될 수 있습니다%%객실 침대 방향, 전망(뷰) 및 소품 디자인은 사진과 상이할 수 있습니다%%해당 객실가는 세금, 봉사료가 포함된 금액입니다"
11,"특 1급 프리미엄 호텔에서 여수의 아름다운 바다를 한눈에 볼 수 있는 인피니티 풀과, 국내 최고 높이의 짚트랙을 동시에 즐기세요",,"체크인 : 15:00 | 체크아웃 : 11:00%%체크인 : 15:00 | 체크아웃 : 12:00 (디럭스, 프리미어 타입 / 단, #여기어때# 객실 상품 제외)%%22시 이후 체크인 시 호텔 프론트 문의%%레이트 체크아웃 비용은 1시간 당 10,000원이며 최대 14시까지 가능합니다%%현장 상황에 따라 거절될 수 있으며, 15시 이후로는 1박 요금이 부과됩니다%%무료 Wi-Fi%%전 객실 금연%%Bath Amenity (일회용품 규제로 인한 치약, 칫솔, 면도기 등 제공 중단)%%프리미엄 구스%%애완동물 동반 금지%%주차 가능 (무료) / 주차장 B1, 2F~4F (4F는 기계식 주차장이며, 차종 문의 필수) / 호텔 내부 주차장 만차 시, 호텔 옆 야외 주차장 이용 바랍니다",,"기준 인원 외 추가 시, 1박당 1인 10,000원 (36개월 이상~성인), 36개월 미만 유아 무료%%침구 추가 : 1채당 20,000원%%영유아 인원수 포함 / 최대 인원 초과 불가(단, 36개월 미만의 유아는 객실 최대 수용 가능 인원을 초과하여 투숙 가능합니다)%%현장 결제","디럭스 객실 선택 시 하버 오션뷰 전망 확정을 원하시는 고객은 호텔로 사전 요청 바랍니다%%(전망 업그레이드 시 20,000원 현장 결제, 현장 상황에 따라 불가할 수 있음)","[야외 수영장]%%수영장 문의 : 061-640-5012%%이용 요금: 성인 15,000원, 소인 10,000원 (재입장 50% 금액 적용되어 재입장 가능)%%수영복 미착용시 입장 불가(호텔 내 수영복 판매) / 수영모 또는 캡모자 의무 착용%%10세 미만 어린이는 보호자 미 동반시 이용 제한 / 수중 장비(스노우쿨, 오리발 등) 사용 제안%%기상 악화 및 내부 사정으로 사전 공지 없이 휴장될 수 있습니다%%1) 5층 라테르니 인피니티 풀 (투숙객 전용)%%객실 타월 및 가운 사용 금지%%보트형 튜브 및 1M 초과 튜브 사용 불가%%운영 시간 : 1부 08:30~11:00, 2부 16:00~21:00%%2024년 휴장일 : 7월 16일, 8월 13일, 9월 17일, 10월 15일, 11월 19일, 12월 17일%%2) 6층 라테르니 파크풀%%2024년 휴장일 : 7월 16일, 8월 13일, 9월 17일, 10월 15일, 11월 19일, 12월 17일%%%%[해상 짚트랙 (Zip Trek)]%%대표 전화 : 061-644-9500%%매표소 위치 : 24F, 루프탑%%시간: 10:00~18:00%%가격: 성인 35,000원 / 소인 25,000원 (투숙객은 주중 30%, 주말 및 공휴일(연휴) 20% 할인 적용)%%신장 140cm 이상, 몸무게 35kg 이상 탑승 가능%%현장 상황 및 날씨 상황에 따라 사전 고지 없이 휴장될 수 있습니다%%%%[시설 안내]%%B1 피트니스센터 (07:00~24:00)%%1F 비즈니스센터, 편의점, 카페 (08:00~23:00), 게임존 (오락실 06:00~24:00, 코인노래방 24시간 운영, 주류,음료,음식 반입금지, 전 구역 금연, 22시 이후 미성년자 출입 금지)%%5F 레스토랑, 연회장, 라테르니인피니티풀%%6F 라테르니파크풀, 자쿠지존%%24F 짚트랙 (Zip Trek), 포토존",,"셔틀버스 이용안내%%[2024년 4월 15일 부터 셔틀버스 운행 안내]%%매주 화요일 셔틀버스 정기 휴무로 인해 미운행%%호텔→여수엑스포역 : 11:15, 11:45, 13:00, 14:00, 15:15, 15:45%%여수엑스포역→호텔 : 11:30, 12:00, 13:15, 14:15, 15:30, 16:00%%호텔→교동시장(낭만야시장포차)→이순신공원→낭만포차 : 18:00, 19:00",,,"조식 정보%%Rabelle restaurant(라벨르 레스토랑) / 5층 / 07:00~10:00 / 조식 뷔페%%정상가 : 대인 37,000원, 소인(36개월~13세 이하) 26,000원%%투숙객 할인가 : 주중 대인 26,000원, 소인 18,000원 / 주말 대인 30,000원, 소인 21,000원 (24년 7월 20일~8월 18일 주말 요금 적용)%%현장 결제","체크인일 기준 3일 전 : 100% 환불%%체크인일 기준 2일 전~당일 및 No-show : 환불불가%%[환불불가], [18시 체크인/환불불가], [해피아워 2인/환불불가] 객실 : 취소, 변경, 환불 불가%%취소, 환불 시 수수료가 발생할 수 있습니다","체크인 시 Deposit(보증금) 요구할 수 있고, 퇴실 시 전액 환불됩니다%%(단, 유료 서비스 이용 및 기물 파손 시 청구될 수 있음)%%미성년자는 보호자 동반 없이 이용이 불가합니다%%위의 정보는 호텔의 사정에 따라 변경될 수 있습니다%%이미지는 실제와 상이 할 수 있습니다%%객실가는 세금, 봉사료가 포함된 금액입니다%%수영장 운영은 날씨 또는 호텔 상황에 따라 변동될 수 있습니다%%전 객실 취사 불가"
12,"광안대교 전망의 오션뷰, 부산 도심 전망의 시티뷰를 모두 보유하고 있어 부산 광안리의 전망을 원하시는 분들에게 최적화 된 호텔 입니다%%바다를 전망으로 한 워터파크, 스파, 찜질방이 호텔 내에 마련되어 있어 물놀이 시설을 찾으시는 분들에게 최적화 된 호텔입니다","미성년자 보호자 동반없이 투숙 불가%%미성년자 예약 시 입실 거부되며, 이로 인한 환불 불가%%2024년 기준 생일 지나지 않은 05년생도 미성년자와 같이 적용%%미성년자 혼숙 절대 불가 (2024년 기준 생일 지나지 않은 05년생도 미성년자와 같이 적용)%%오션 브릿지 타입 객실은 10층부터 배정됩니다 (19~20층 고층 배정을 희망하실 경우, 오션 테라스 또는 스카이 타입 객실로 예약하시기 바랍니다)","체크인 : 15:00 | 체크아웃 : 11:00%%무료 Wi-Fi%%전 객실 금연%%Bath Amenity (대용량 어메니티)%%정부 지침에 따라 포장재 및 일회용품 사용을 지양하고 객실 내 생수 외 모든 일회용품은 제공되지 않으며, 샴푸, 린스, 바디워시 등 욕실 어메니티는 대용량으로 비치되어 있습니다%%가운 미제공%%[주차 안내]%%무료 주차 (객실당 1대)%%체크인 시간 15시부터 체크아웃 11시까지 무료 주차 가능%%그 외 주차 시 30분당 2,000원 추가 비용 발생",,"인원 추가 시 무료%%침구추가 : 1채 22,000원 (1인 1박 기준)%%엑스트라 베드 제공 불가%%영유아 인원수 포함 / 최대인원 초과불가%%현장결제","패밀리 트윈 (비전망), 한국식 패밀리온돌-전망없음 객실은 리모델링이 안 된 (구)객실입니다","[Leisure]%%해수온천 사우나 & 찜질방 24시 운영%%실내 워터파크%%피트니스 센터 / 1인%%20,000원 (사우나 포함)%%%%[Dining & Bar]%%스카이 전망대 & 스카이 워크%%(Observatory & skywalk)%%산조 (Chinese Restaurant) / 런치 11:30~15:00, 디너 17:30~22:00, 바 20:00~24:00%%산조 BAR / 룸온리 예약 이후 051-790-2303으로 전화 주시면 추가 금액 안내 및 패키지 예약 도와드립니다%%구성 : 잔와인 2잔+미니하몽샐러드(F/W 시즌), 하이볼 2잔 (S/S 시즌)%%%%[산조 멤버쉽 (회원권) 관련 안내 사항]%%블랙 카드 회원권 (2,350,000원) :%%갈라쇼 우선 예약권 / 멤버쉽 기프트 제공 / 식사 시 전 메뉴 23.5% 할인 (20회에 한해 이용 가능)%%퍼플 카드 회원권 (990,000원) :%%산조 식사 이용권 / 770,000원 포인트 제공 / 주중 숙박권 1매 / 찜질 사우나 이용권 5매 / 식사 시 요리 메뉴 10% 할인 (주류 제외)%%그린 카드 회원권 (490,000원) :%%산조 식사 이용권 / 370,000원 포인트 제공 / 주중 숙박권 1매 / 찜질 사우나 이용권 3매 / 식사 시 요리 메뉴 10% 할인 (주류 제외)%%%%[Infinity Pool]%%이용시간 : 09:00 ~ 21:00 (키즈타임 09:00~12:00 / 나머지 타임 성인 전용)%%이용금액 : 블루시즌(7월~8월) 40,000원, 그린시즌(9월~11월, 3월~6월) 32,000원, 12월~2월 28,000원%%(투숙객도 현장에서 추가 결제 필요하며 1인 기준 금액입니다)%%복장 : 수영복, 래쉬가드 착용%%-수영 장구(오리발,스노쿨), 구명조끼, 튜브 사용금지%%-고성방가, 흡연, 오일 사용 금지%%-쾌적한 환경 조성을 위하여 외부 음식물 반입 금지%%-귀금속 착용 후 입수 불가, 호텔은 귀중품 분실에 대한 책임이 없습니다%%-강풍, 낙뢰, 태풍, 우천 시 갑작스런 기상 변화 발생 시 안전사고 방지차원으로 사전 공지 없이 인피니티풀 운영을 중단 할 수 있습니다%%-인피니티풀 내 CCTV 촬영은 안전사고 대비 목적으로만 운영됩니다%%-인피니티 풀은 성인 전용이며, 지하 816미터에서 솟아나는 암반 심해 온천수를 사용합니다%%-인피니티 풀 (해수온천 야외 수영장)은 계절 별로 온도가 조정되며, 현재 미온수입니다%%-가운 미제공 (요청하셔도 제공되지 않습니다)%%-우천 시 또는 갑작스러운 영하의 날씨에는 호텔 측 사정에 따라 해수온천 찜질로 변경될 수 있습니다%%투숙객이 아닌 외부인도 인피니티 풀 예약이 가능합니다 (이용 문의 : 051-790-2300)%%단, 호텔 측의 사정으로 인해 이용이 불가할 수 있습니다",,,"조식 쿠폰 지참 시 20% 할인 적용%%레저 부대시설 투숙객 할인 30% 적용 (문의 : 051-790-2343)%%체크인 전, 체크아웃 후 프론트에서 짐 보관 가능%%[드론쇼 관람 안내]%%매주 토요일 광안리 해수욕장에서 드론쇼가 진행됩니다%%(드론쇼 일정 : 하절기 3월~9월 20:00, 22:00 / 동절기 10월~2월 19:00, 21:00)%%호텔 투숙객에 한하여 21층 스카이워크가 개방되며 쾌적한 드론쇼 관람이 가능합니다",,"조식 정보%%Pearl Room / 2층 / 예약 인원에 따라 미국식 조찬 또는 뷔페 진행%%1인 25,000원(취학 아동~성인), 20,000원(36개월 이상~미취학 아동), 36개월 미만 무료 제공%%조식 쿠폰 지참시 20% 할인 적용%%07:30~09:30 (2시간 운영)%%현장 결제",체크인일 기준 3일 전 17시까지 : 100% 환불%%체크인일 기준 3일 전 17시이후~당일 및 No-show : 환불불가,"최대 인원 초과 시 침구 추가료를 지불하시면 입실 가능합니다%%(단, 스위트를 제외한 모든 객실은 총 4인까지만 인원 초과 가능합니다)%%위의 정보는 호텔의 사정에 따라 변경될 수 있습니다%%객실 배정에 따라 전망이 상이할 수 있습니다%%체크인 시 배정 또는 베드타입 미기재 상품은 특정객실과 베드타입을 보장하지 않습니다%%반려동물 동반 입실 불가합니다%%온돌룸을 제외한 모든 객실 타입 (키즈룸 포함)은 바닥 난방이 되지 않고, 천장형 히터만 가동됩니다"
13,"동탄 메타폴리스 몰, 수원 갤러리아, AK 플라자 등 유명 쇼핑센터를 차량 20분 내외로 접근이 가능하여 쇼핑에 적합한 위치를 자랑합니다%%꼭 필요한 서비스만을 모아 합리적인 가격에 신라호텔 수준의 업그레이드된 휴식을 경험할 수 있습니다",,"체크인 : 15:00 | 체크아웃 : 12:00%%체크인 : 18:00 | 체크아웃 : 12:00 (18시 체크인 상품)%%무료 Wi-Fi%%전 객실 금연%%Bath Amenity (자원재활용법에 따라 일부 어메니티 품목은 유상 제공됩니다)%%주차장이 협소한 관계로 주차에 불편이 발생할 수 있음 / 호텔 주차장 만차 시, 외부 주차장 안내",,"기준 인원 외 인원 추가 시, 최대 인원까지 무료%%영유아 포함 / 최대 인원 초과 불가",,"레스토랑%%Cafe (카페) / 7층 / 중식 : 세미뷔페 (주중) 12:00~14:30, 런치뷔페 (주말 및 공휴일) 12:00~14:30, 석식 : 디너뷔페 18:00~21:30 / 특정일자의 운영시간은 변동될 수 있습니다%%피트니스 센터%%비즈니스 센터%%세탁실%%라운지(BAR) / 1층 / 18:00~23:00",,,"피트니스 센터 (16세 이상 입장 가능), 비즈니스 센터 무료 이용",,"조식 정보%%Cafe (카페) / 7층 / (주중) 06:30~09:30, (주말 및 공휴일) 07:00~10:00%%1인 : 28,000원 (14세 이상~성인), 15,000원 (37개월 이상~13세 이하), 37개월 미만 무료%%현장 결제","체크인일 기준 1일 전 18시까지 : 100% 환불%%체크인일 기준 1일 전 18시 이후~당일 : 환불불가%%취소, 환불시 수수료가 발생할 수 있습니다%%[TODAY HOT DEAL], [TODAY HOT DEAL-레이트 체크인 18시],[TODAY HOT DEAL-레이트 체크인 21시], [레이트버드], [오늘의 핫딜-18시 레이트 체크인], [오늘의 핫딜-21시 레이트 체크인] , [선착순특가] 객실 : 예약 후 취소, 변경, 환불불가","체크인 시 배정 또는 베드 타입 미기재 상품은 특정 객실과 베드 타입을 보장하지 않습니다%%실명으로만 예약 및 체크인 가능합니다%%최대인원 초과 시 입실 불가합니다%%내국인 전용상품으로 외국인은 투숙이 불가합니다%%외국인의 경우 국내거주증 소지자에 한하여 투숙 가능합니다%%해당 이미지는 실제와 상이 할 수 있습니다%%위의 정보는 호텔의 사정에 따라 변경될 수 있습니다%%부모 등 법정대리인을 동반하지 않은 19세 미만 미성년자는 투숙할 수 없습니다%%(단, 체크인 시점에 생일이 지난 19세부터 법정대리인 동반 없이 투숙이 가능합니다)"
14,"동부산의 랜드마크에 위치한 대규모 관광단지 내 레지던스입니다%%기장 오시리아 관광단지에 위치해 풍부한 볼거리와 즐길 거리가 있습니다%%찬란한 에메랄드빛 바다, 웅장하게 뻗어 있는 숲과 어우러지는 넓은 객실에서 휴식을 취해보세요",,"체크인 : 16:00 | 체크아웃 : 11:00%%비대면 체크인 및 체크아웃 운영%%얼리 체크인 및 레이트 체크아웃 요청 시, 1시간 당 10,000원 (현장결제)%%얼리 체크인 연장 시간 : 14:00~16:00 사이, 레이트 체크아웃 연장 시간 11:00~13:00 사이 가능%%프론트 운영시간 : 09:00~22:00%%22시 이후 체크인 시 호텔 프론트 문의%%무료 Wi-Fi%%전 객실 금연%%Bath Amenity (치약, 칫솔 미제공)%%주차 가능 (무료) / 지하 1~2층 / 전고 2.3m이하 차종 가능",,"기준 인원 외 인원 추가 시, 최대 인원까지 무료 (침구 불포함 / 기준 인원만큼의 침구만 세팅되어 있음)%%침구 추가 : 1채당 20,000원 (라스트 오더 20:00) / 구성: 1인용 (싱글요+이불+베개 각 1개)%%침대 추가 불가%%영유아 인원수 포함 / 최대 인원 초과 불가%%현장 결제","[비대면 체크인 및 체크아웃 이용 안내]%%체크인 하루 전 투숙하실 동과 호수 전달, 비밀번호는 체크인 당일 15:50에 예약자 휴대폰으로 문자 발송%%%%[객실 정비 안내]%%4박당 1회 무료 제공 (그 외 별도 비용 발생)",,,,짐 보관 가능,,"취사 시설%%전 객실 간단 취사 가능%%객실 내 육류, 튀김류, 생선류 조리 금지","체크인일 기준 5일 전 18시 까지 : 100% 환불%%체크인일 기준 5일 전 18시 이후~4일 전 18시 까지 : 50% 환불%%체크인일 기준 4일 전 18시 이후~당일 및 No-show : 환불 불가%%취소, 환불 시 수수료가 발생할 수 있습니다","위의 정보는 호텔의 사정에 따라 변경될 수 있습니다%%미성년자는 보호자 동반 없이 이용이 불가합니다%%이미지는 실제와 상이할 수 있습니다%%체크인 시 배정 상품 또는 베드 타입이 미기재된 상품은 특정 객실과 베드 타입을 보장하지 않습니다%%전 객실 금연이며, 위반 시 200,000원 손해 배상금 및 즉시 퇴실 조치합니다%%애완동물 동반 입실 불가합니다%%객실가는 세금, 봉사료가 포함된 금액입니다"
15,만리포 해수욕장이 도보 1분 거리에 있는 오션뷰 펜션입니다%%편안한 휴식과 즐겁고 다양한 여가를 보내실 수 있는 곳입니다,"안전상의 이유로 24개월 미만은 입실이 절대 불가하십니다%%강풍,우천 등 기상악화시에는 야외바베큐장 이용이 불가하고 실내에서 사용 할 수 있는 전기그릴만 대여가능합니다 [유료]%%전 객실 개별테라스 바베큐가 불가능한 펜션입니다%%후라이팬, 와인잔은 구비되어 있지 않습니다%%객실타입별 뷰와 월풀욕조 유무가 다르오니 사진과 객실명을 참고해주세요%%꽃게,해산물 등 비린내가 심한음식은 객실내에서 조리가 불가합니다%%개인화로,버너,그릴은 화재위험으로 절대 반입 금지입니다%%어플에서 인원설정을 하시더라도 인원 추가비용이 결제된게 아니며 기준인원 외에 추가인원은 현장에서 결제 해 주셔야합니다%%여행 상품 특성상 판매 금액이 실시간으로 변동 될 수 있으며, 여러사이트 동시 판매중이라 중복예약이 발생 될 수 있습니다 이런 경우 1시간 이내로 취소처리 되십니다",입실 : 15:00 | 퇴실 : 11:00%%22시 이후 입실 시 사전문의 (필수)%%무료 Wi-Fi%%전 객실 금연%%주차 가능,,"1인당 20,000원 (24개월 이상)%%24개월 미만 입실 불가, 인원 추가 비용은 1박당 발생%%영유아 인원수 포함 / 최대인원 초과불가%%침구 추가 : 1SET 10,000원%%어플에서 인원설정을 하신 경우에도 기준인원 금액만 결제 되신거며 추가인원은 현장에서 결제입니다%%현장 결제","스파 (사계절 운영) : 스파룸 객실에 구비, 입욕제 개인지참 / 이용시간 ~22시",,,,"시설 이용문의 및 비용 별도 펜션문의%%공영 수영장 (하절기 운영) : 7~8월 운영 / 무료 / 이용시간 15:00~20:00 / 수영복, 수영모 착용%%엘리베이터 설치",,"바비큐 시설%%바비큐 이용요금 : 2인 20,000원 / 4인 30,000원 (1인 추가 5,000원 / 숯 추가 5,000원)%%그릴종류 : 숯+그릴 또는 캠핑그릴(그리들,가스버너) 선택 가능%%이용 시간 : 17:00~22:00%%19:00 신청 마감%%개별테라스 불가%%기상악화 시 야외바베큐 불가, 전기그릴 대여만 가능 (유료)%%현장 결제","숙박일 기준 6일전 : 100% 환불%%숙박일 기준 5일전 : 90% 환불%%숙박일 기준 4일전 : 80% 환불%%숙박일 기준 3일전 : 70% 환불%%숙박일 기준 2일전 : 50% 환불%%숙박일 기준 1일전 : 30% 환불%%숙박일 당일 및 No-show : 환불불가%%취소, 환불 시 수수료가 발생할 수 있습니다","24개월 미만 영유아 입실 불가 합니다%%최대 인원 초과시 입실이 불가 합니다 (방문객 불가)%%객실 내 육류, 튀김류, 생선류 조리를 할 수 없습니다%%전 객실 애완동물 출입이 불가합니다%%보호자 동반없는 미성년자는 이용하실 수 없습니다%%해당 이미지는 실제와 상이 할 수 있습니다%%이용시설의 분실 및 훼손의 책임은 이용자에게 있으니 주의부탁드립니다%%객실 내에서는 화재위험물질 (화약, 폭죽 등)은 사용 하실 수 없습니다 (화재로 인한 책임은 이용자에게 있습니다)%%쓰레기는 지정된 장소에 분리하여 주시기 바랍니다%%위의 정보는 펜션의 사정에 따라 변경될 수 있습니다%%성수기 기간동안 일부 객실의 경우 요금변동이 있을 수 있습니다"
16,2단 인피니티 야외 온수 수영장이 갖춰져 있는 프라이빗 신축 풀빌라입니다%%여수 바다가 아름다운 풍경을 이루고 있어 이국적인 분위기를 느낄 수 있습니다,standard couple 객실은 코지동에 위치해있으며 리조트동과 분리되어 있습니다%%우천시에는 숯불바비큐 이용이 어려운 점 양해부탁드립니다,"입실 : 15:00 | 퇴실 : 11:00%%22시 이후 입실 시 사전문의 (필수)%%퇴실 시간 초과 시 시간당 20,000원 발생 (현장결제)%%무료 Wi-Fi%%전 객실 금연%%주차 가능",,"36개월미만은 인원추가비용 없음%%1인 20,000원 (36개월 이상~14세 미만), 30,000원 (14세 이상)%%영유아 인원수 포함 / 최대인원 초과불가%%최대 인원(유아 포함) 초과 시 입실이 불가(해당 사유로 환불 불가)%%현장 결제","야외수영장 무료 이용%%실내풀장 이용 : 15:00~22:00 / 50,000원 추가요금 (현장결제)%%실내 자쿠지 이용 : 1회 이용시 50,000원 추가요금 (현장결제) / 겨울철 영하날씨일 경우 이용이 불가한 점 양해 부탁드립니다",,,,"시설 이용문의 및 비용 별도 펜션문의%%2단 인피니티풀(사계절 미온수 운영) : 성수기: 09:30~21:00(7~8월 해당), 비수기 : 15:00~20:00%%장애인 주차장 구비%%조식 안내 : 브런치 조식 1인 기준 15,000원%%조식 업체 상황에 따라 이용이 불가할 수 있음 / 사전에 미리 확인 필요",,"바비큐 시설%%가스그릴 : 30,000원 / 숯불바비큐 : 40,000원 (4인 기준)%%숯불 바비큐 사용시간%%1부 : 18:00~19:30%%2부 : 20:00~21:30%%현장 결제 (선착순 마감으로 사전 문의)","숙박일 기준 10일전 : 100% 환불%%숙박일 기준 9~7일전 : 80% 환불%%숙박일 기준 6일전 : 70% 환불%%숙박일 기준 5일전 : 60% 환불%%숙박일 기준 4일전 : 50% 환불%%숙박일 기준 3일전 : 40% 환불%%숙박일 기준 2일전~당일 및 No-show : 환불불가%%취소, 환불 시 수수료가 발생할 수 있습니다","최대 인원 초과시 입실이 불가 합니다 (방문객 불가)%%객실 내 육류, 튀김류, 생선류 조리를 할 수 없습니다%%전 객실 애완동물 출입이 불가합니다%%보호자 동반없는 미성년자는 이용하실 수 없습니다%%단,미성년자 숙박동의서(혼숙불가) 작성 후 웨스트힐스 프라이빗 풀빌라 홈페이지에 안내되어있는 서류와 함께 원본제출,사본은 미리 메일(ys-westhills@naver.com) 및 팩스(fax.061-644-6644) 송신필수) 입실이 불가능하며 당일 예약취소(환불불가 및 강제 퇴실)와 동일시 됩니다 (예약된 인원 이상 입실시, 애완동물과 동반입실시, 미성년자 숙박동의서 사본 미 제출시)%%해당 이미지는 실제와 상이 할 수 있습니다%%이용시설의 분실 및 훼손의 책임은 이용자에게 있으니 주의부탁드립니다%%객실 내에서는 화재위험물질 (화약, 폭죽 등)은 사용 하실 수 없습니다 (화재로 인한 책임은 이용자에게 있습니다)%%쓰레기는 지정된 장소에 분리하여 주시기 바랍니다%%위의 정보는 펜션의 사정에 따라 변경될 수 있습니다%%성수기 기간동안 일부 객실의 경우 요금변동이 있을 수 있습니다%%수영장 운영은 날씨 또는 펜션 상황에 따라 변동 될 수 있습니다%%수영장 이용시 아기는 방수 기저귀 필수 착용 및 수영복 or 래쉬가드 등 물놀이 복장 착용 시 이용 가능합니다 (일반복장 착용 시 이용불가)%%최대 인원(유아 포함) 초과 시 입실이 불가할 수 있으며, 해당 사유로 환불 받을 수 없습니다"
17,백색해변 바로 앞에 위치하여 전 객실 오션뷰를 자랑합니다%%프라이빗한 개별 테라스에서 동해바다를 만끽하며 여유를 즐길 수 있습니다,"인테리어 및 전망이 상이할수 있으며, 객실은 당일 배정 됩니다%%최대 인원 초과 또는 반려동물 동반 입실은 불가능하며, 해당 사유로 환불 받을 수 없습니다%%객실 내 생선이나 고기 등을 굽는 행위는 불가하며, 화재예방을 위해 개인 취사도구(그릴, 버너 등)의 반입을 금지합니다%%당일 예약 시 사전 전화 필수 (중복예약으로 취소 될수 있음)%%다양한 이벤트를 앱 내의 숙소정책 또는 홈페이지에서 확인하실 수 있습니다%%시스템 상 연박이 표시 안 될 수도 있으니 사전문의 바랍니다","입실 : 15:00 | 퇴실 : 11:00%%입/퇴실 추가 시간 당 10,000원(2인 기준)%%18시 이후 입실 시 사전문의 (필수)%%무료 Wi-Fi%%전 객실 금연%%주차 가능",,"인원 추가 정보 1인 20,000원 (당일 현장 결제 / 리뷰이벤트 중, 자세한 사항은 홈페이지 공지사항 필독)%%성인, 아동 : 37개월 이상 / 유아 36개월 이하(침구 미제공, 요청 시 10,000원)%%영유아 인원수 포함/ 최대인원 초과불가%%(여름 시즌 한정 최대인원 초과 수용 / 사전 문의로 협의 필수)%%침구 추가 : 1채 10,000원%%현장 결제",침구류 오염시 소정의 세탁비 청구,,,,"시설 이용문의 및 비용 별도 펜션문의%%공용 전자레인지, 공용 정수기 : 2층 구비%%야외수영장 (하절기 운영) : 15:00~19:00 / 연일 숙박일 경우, 오전 청소 시 이용 불가 / 투숙객 기준 무료 이용 / 준비운동 후 입수 / 어린이 항시 보호자 동반 / 입수 전 반드시 안전장비 착용 필수 / 오일,음식물 금지%%해수풀 수영장 : 미온수가 아닌 해수를 직수로 사용하는 수영장 (해수 온도, 바람, 기온에 따라 수온 변함)%%운영 기간 : 5월 1일 부터 10월 말 까지(예정)%%야외 풀장 특성상 벌레, 솔방울, 소나무 껍질, 수술 등 부유물 있음 / 펜션 앞 백석해변은 관리 구역 아니며 안전요원 없음 / 안전 위해 해수풀 또는 고래불 해수욕장 (차량 2~3분 소요) 이용 권함",,"바비큐 시설%%개별 셀프 바비큐 (리뷰 이벤트 중, 자세한 사항은 홈페이지 공지사항 필독)%%구성 항목 : 숯 + 그릴 + 토치 + 장갑%%4인 이하 20,000원 / 5인 이상 30,000원%%이용 장소 : 개별 객실 테라스(기본) or 바다 앞 잔디(요청 시)%%개별 화기용품(버너, 전기그릴, 캠핑용품 등) 반입 불가%%이용 시간 제한 없으나, 야간에는 타인에게 방해되지 않게 이용%%예약 방법 : 예약 확정 문자 확인 후 회신%%현장 결제","숙박일 기준 6일전 : 100% 환불%%숙박일 기준 5일전 : 90% 환불%%숙박일 기준 4일전 : 80% 환불%%숙박일 기준 3일전 : 70% 환불%%숙박일 기준 2일전 : 50% 환불%%숙박일 기준 1일전 : 30% 환불%%숙박일 당일 및 No-show : 환불불가%%취소, 환불 시 수수료가 발생할 수 있습니다","보호자 동반없는 미성년자는 이용하실 수 없습니다%%이용시설의 분실 및 훼손의 책임은 이용자에게 있으니 주의부탁드립니다%%쓰레기는 지정된 장소에 분리하여 주시기 바랍니다%%위의 정보는 펜션의 사정에 따라 변경될 수 있습니다%%성수기 기간동안 일부 객실의 경우 요금변동이 있을 수 있습니다%%수영장 운영은 날씨 또는 펜션 상황에 따라 변동 될 수 있습니다%%실시간예약 시 중복예약이 발생할 수 있으며, 해당 사유의 경우 고객센터를 통해 전액 환불받을 수 있습니다%%예약 후 펜션으로부터 1일 이내에 확정문자 발송이 되며, 미수신의 경우 꼭 펜션으로 연락바랍니다"
18,호텔 그 이상의 안락함과 편안함을 느낄 수 있는 펜션입니다%%실내외 스파를 즐기면서 지친 몸과 마음을 힐링할 수 있습니다,,입실 : 15:00 | 퇴실 : 11:00%%20시 이후 입실 시 사전문의 (필수)%%전 객실 금연%%주차 가능,,"1인 15,000원 (0세~미취학 아동), 30,000원 (7세 이상)%%최대 인원 초과시 1인당 60,000원%%영유아 인원수 포함 / 최대인원 초과불가%%현장 결제","노천스파 객실 : 201호, 202호, 301호, 302호, 502호%%실내스파 객실 : 101호, 203호, 204호, 303호, 304호, 403호, 404호, 501호%%[리버뷰/스파] 304호 : 객실 내 흡연 가능%%스파 이용시 고급 입욕제 제공 ( 숙소 제공 입욕제 외 개인 입욕제 사용 금지)%%연박 이용시 청소는 불가능하며 비품만 교체 해드림",,,,시설 이용문의 및 비용 별도 펜션문의%%야외 수영장 (하절기 운영) : 운영시간 15:30 ~ 19:00,,"바비큐 시설%%바비큐 그릴 비용 : 1인 10,000원 / 7세 이하 무료%%이용시간 : 21:00 까지%%텐트형 공동 바비큐 (숯불 바비큐) : 101호, 102호, 503호, 504호, 505호%%그 외 객실 : 개별 테라스 바베큐 (가스그릴) 또는 공동 바비큐(가스그릴)%%바비큐 신청은 체크인 시 신청%%현장 결제",숙박일 기준 6일 전 : 100% 환불%%숙박일 기준 5일 전 : 90% 환불%%숙박일 기준 4일 전 : 80% 환불%%숙박일 기준 3일 전 : 70% 환불%%숙박일 기준 2일 전 : 50% 환불%%숙박일 기준 1일 전 : 30% 환불%%숙박일 기준 당일 및 NO-SHOW : 환불불가%%취소 및 환불시 수수료가 발생할 수 있습니다,"전 객실 금연 및 육류, 생선류 조리는 불가합니다%%예약 전 이용 안내 및 환불 규정을 반드시 확인 부탁드립니다%%외부 이용 시설은 날씨 및 사정에 따라 운영 변경 될 수 있습니다%%예약 인원 외에는 현장 방문 및 이용이 불가합니다%%최대 인원 초과시 입실이 불가 합니다 (방문객 불가)%%객실 내 육류, 튀김류, 생선류 조리를 할 수 없습니다%%전 객실 애완동물 출입이 불가합니다%%보호자 동반없는 미성년자는 이용하실 수 없습니다%%해당 이미지는 실제와 상이 할 수 있습니다%%이용시설의 분실 및 훼손의 책임은 이용자에게 있으니 주의부탁드립니다%%객실 내에서는 화재위험물질 (화약, 폭죽 등)은 사용 하실 수 없습니다 (화재로 인한 책임은 이용자에게 있습니다)%%쓰레기는 지정된 장소에 분리하여 주시기 바랍니다%%위의 정보는 펜션의 사정에 따라 변경될 수 있습니다%%성수기 기간동안 일부 객실의 경우 요금변동이 있을 수 있습니다%%수영장 운영은 날씨 또는 펜션 상황에 따라 변동 될 수 있습니다"
19,"아름다운 감포 해변의 일몰과 일출을 객실에서 바라볼 수 있는 펜션입니다%%펜션 내 수영장을 보유하고 있으며 볼거리, 먹을거리, 즐길 거리가 가득합니다","경주 늘시원은 펜션동과 펜텔동 건물이 나뉘어져 있습니다%%펜텔동은 엘리베이터가 있으나, 펜션동은 계단을 이용하셔야 됩니다 (펜션동은 엘레베이터 없음)%%오후 10시부터 매너 타임 시간입니다, 펜션 내에서 음주 가무, 고성방가 등 타인에게 피해를 끼칠 수 있는 행위는 불가합니다 (위반 시 강제 퇴실 조치될 수 있습니다)",입실 : 15:00 | 퇴실 : 11:00%%23시 이후 입실 시 사전문의 (필수)%%무료 Wi-Fi%%전 객실 금연%%주차 가능 공간 마련%%전기차 충전소 (6/7~6/21 기간은 이용 불가),,"1박 기준 1인 10,000원 (7세 미만), 20,000원 (7세 이상)%%영유아 인원수 포함 / 최대인원 초과불가%%현장 결제","펜텔A, 펜텔B, 펜텔C : 객실 내 취사 불가%%펜텔 객실 : 최대 2인 투숙 가능 객실, 이용에 참고%%펜텔 객실 성인 3인 이용시 객실 작을 수 있음%%펜텔 타입별로 객실 배정%%펜텔A-1(테라스,바다정면뷰) 바다 왼쪽 뷰 : 펜텔1~3 객실%%펜텔A-2(테라스,바다정면뷰) 바다 오른 뷰 : 펜텔4~6 객실%%펜션 전 객실 : 정수기, 비데%%펜션 1층 객실 (산토리니,시칠리아,베네치아) : 제습기 겸 공기청정기%%펜텔 전 객실 : 생수, 믹스커피","펜션 서비스%%시설 이용문의 및 비용 별도 펜션문의%%카페테리아 : 찰리빈웍스 2층 / 애견동반 가능 카페 / 09:00~20:00 / 현장 상황에 따라 이용 불가할 수 있음%%야외 수영장 (하절기 운영) : 24.05.04 ~ 종료일 미정(동절기미운영)/ 이용요금 : 1객실당 5,000원 (인원수 만큼 비치타월 무료대여) / ~21:00 / 래쉬가드, 수영복 착용 / 애견동반 입수 불가%%비치타월 미지참 시 이용 불가 (객실 내 타월은 수영장 및 외부에서 사용 불가) / 비치타월 없을 경우 대여 필수 / 개인 수영복 (래쉬가드 착용), 비치타올 필수 / 현장 컨디션(청소, 날씨)에 따라 이용 제한 있을 수 있음%%튜브대여 : 5,000원 (현장결제)%%수영장을 타일로 변경 후 수영장 이용 시 부상이 많아 꼭 수영장 이용 및 이동 시 아쿠아슈즈 착용 바람%%무인 라면 자판기 구비%%세미나실 : 찰리빈윅스 2층 / 투숙 고객 (3시간 대여) 식사 또는 음료 구매시 무료 / 반일 대여 (10:00~13:00) 200,000원 (주말, 공휴일 불가) / 종일 대여 (10:00~18:00) 300,000원 (주말, 공휴일 불가)%%아침 조식 : / 이용 시간 : 08:30 ~ 11:00 / 위치 : 늘시원펜텔 1,2층 찰리빈웍스카페&레스토랑 / 금액 : 9,000원 / 구성 : 빵,샐러드,커피%%바비큐 시설 [개별 바베큐]%%가능객실: 펜션 객실 (산토리니,시칠리아,베네치아,룸1001~1004,룸2001~룸3001,할리데이,타이타닉)%%펜텔A/B는 공용바베큐장 이용가능%%준비시간: 오후 5시 ~ 오후9시%%이용시간: 오후 10시까지%%이용요금: 2~3인 20,000원/ 4~5인 30,000원/ 6인이상 40,000원 (현장결제)%%숯/그릴 개인지참 불가%%%%[야외 공용바베큐]%%가능객실: 펜텔 객실 (펜텔A, 펜텔B)%%장소: 카페테리아 공용 데크(야외)%%제공품목: 숯/그릴,집게,가위,후추,허브솔트,일회용그릇,컵%%이용기간: 사계절%%준비시간: 오후 5시 ~ 오후9시%%이용시간: 오후 10시까지%%이용요금: 1개 객실당 30,000원 / 객실 추가 시 20,000원 (현장결제)%%기상상황에 따라 취소될 수 있음%%태풍, 비바람불경우 이용불가",,,,,"애견 입실안내%%애견동반을 원할 경우 사전 문의 및 상담 필수%%1박 기준 1마리 20,000원 (10kg 미만, 소형견 / 대형견 입실 불가)%%최대 2마리 동반입실 가능%%입실가능 객실 : 펜션 룸 1001, 1002, 1003, 1004%%애견용품 개인 지참 필수%%현장 결제",숙박일 기준 10일 전 : 100% 환불%%숙박일 기준 9일 전 : 90% 환불%%숙박일 기준 8일 전 : 80% 환불%%숙박일 기준 7일 전 : 70% 환불%%숙박일 기준 6일 전 : 60% 환불%%숙박일 기준 5일 전 : 50% 환불%%숙박일 기준 4일 전 : 40% 환불%%숙박일 기준 3일 전 : 30% 환불%%숙박일 기준 2일 전 : 20% 환불%%숙박일 기준 1일 전 : 10% 환불%%숙박일 기준 당일 및 NO-SHOW : 환불불가%%취소 및 환불시 수수료가 발생할 수 있습니다,"당일예약, 당일이용 (23시 이후 입실)을 원하는 경우 꼭 업체에 이용가능여부 문의 후 예약바랍니다%%최대 인원 초과시 입실이 불가 합니다 (방문객 불가)%%객실 내 육류, 튀김류, 생선류 조리를 할 수 없습니다%%보호자 없는 미성년자 숙박이용 적발 시 강제 퇴실 및 취소 환불 절대 불가합니다%%해당 이미지는 실제와 상이 할 수 있습니다%%이용시설의 분실 및 훼손의 책임은 이용자에게 있으니 주의부탁드립니다%%객실 내에서는 화재위험물질 (화약, 폭죽 등)은 사용 하실 수 없습니다 (화재로 인한 책임은 이용자에게 있습니다)%%쓰레기는 지정된 장소에 분리하여 주시기 바랍니다%%위의 정보는 펜션의 사정에 따라 변경될 수 있습니다%%성수기 기간동안 일부 객실의 경우 요금변동이 있을 수 있습니다%%수영장 운영은 날씨 또는 펜션 상황에 따라 변동 될 수 있습니다"
20,"인스파이어 엔터테인먼트 리조트는 다채로운 시설과 콘텐츠가 살아 숨 쉬는 초대형 복합 리조트로서 각기 다른 콘셉트로 구성된 세 개 동의 5성급 호텔을 갖추고 있습니다%%국내 최초 공연 아레나, 1년 내내 여름의 햇살을 만끽할 수 있는 유리 돔 형태의 실내 워터파크와 150m 길이의 초 고화질 LED 천장에서 지금까지 만나보지 못한 시각적인 경험이 펼쳐지는 디지털 엔터테인먼트를 제공합니다%%또한 국내 최대 규모의 호텔 볼룸을 보유한 최첨단 설비의 연회장, 최대 3만 명이 다양한 액티베이션을 즐길 수 있는 야외 엔터테인먼트 공원, 국내 최대의 외국인 전용 카지노는 인스파이어를 여행의 목적지로 선택하는 중요한 이유가 될 것입니다",,"체크인 : 15:00 | 체크아웃 : 11:00%%22시 이후 체크인 시 호텔 프론트 문의%%무료 Wi-Fi%%전 객실 금연%%Bath Amenity (치약, 칫솔 등 일회용품 미제공)%%주차 가능 (객실 당 1대 무료 / 발렛파킹 45,000원)",,"기준인원 외 추가 시, 1인 55,000원 (만 13세 이상~성인), 만 13세 미만 무료%%침구 추가 불가%%침대 추가 : 33,000원%%영유아 인원수 포함 / 최대 인원 초과 불가%%현장 결제",전 객실 취사 불가,"셰프스 키친 / 2층 로툰다 / 석식 18:00~21:00%%MJ 스테이크하우스(미국식 정통 스테이크 하우스) / 1층 / 해피 아워 16:30~18:00 / 일요일~수요일 17:30~22:00, 목요일~토요일 16:30~23:00, 주말 및 공휴일 11:30~14:30%%브라세리 1783(양식, 프랑스식 비스트로) / 1층 / 주중 그랩앤고 07:00~6:00, 브런치 10:00~14:00, 석식 17:30~22:00 / 주말&공휴일 그랩앤고 07:00~16:00, 브런치 09:00~16:00, 석식 17:00~22:00%%가든 팜 카페(샐러드 바, 양식 단품 올데이 다이닝) / 1층 / 평일 조식 07:00~10:00, 중식 11:30~15:00, 석식 17:30~22:00 / 주말&공휴일 조식 07:00~10:00, 중식 11:30~16:00, 석식 17:00~22:00%%홍반(중국 북부 스타일 단품 요리) / 2층 오로라 / 주중?? 중식 11:00~16:00?, 석식 17:30~21:30 / 주말&공휴일 11:00~22:00%%미나기(일식 단품 요리) / 2층 오로라 / 평일 중식 11:30~15:00?, 석식 17:30~21:30? / 주말&공휴일 11:30~22:00%%하이파이 치킨 앤 비어(퓨전 치킨과 맥주 펍) / 2층 오로라 / 일요일~목요일 11:00~23:00, 금요일~토요일 및 공휴일 11:00~00:00 / 해피 아워 운영 15:00~17:00%%MJ23 스포츠 바 앤 그릴(미국식 스포츠 펍) / 2층 오로라 / 일요일~목요일 11:00~23:00, 금요일~토요일 및 공휴일 11:00~00:00 / 해피 아워 운영 22:00~요일 별 마감 시간까지%%오로라 바 / 2층 오로라 / 일요일~목요일 12:00~00:00, 금요일~토요일 및 공휴일 12:00~01:00%%베이커스 키친(베이커리) / 2층 로툰다 / 06:30~21:00%%호라이즌 라운지 / 1층 메인 로비 / 07:00~23:00 / Jazzy Days & Wine Nights 월&목요일 17:00 / 18:00 / 19:00, 금&공휴일 전 날 18:00 / 19:00 / 20:00, 토 19:00 / 20:00 / 21:00, 일&공휴일 11:30 / 12:30 / 13:30%%스플래시 베이(실내 워터파크) / 1층 / 1부 14:00~17:30, 2부 18:30~21:00 / 체크인 시 현장에서 추가 구매 가능 / 스플래시 패키지 상품 구매 고객만 이용 가능%%아레나 / 2층 로툰다 / 공연시설%%오로라 / 2층 오로라 / 08:00~00:00 / 매시 정각 & 30분 간격: Under the Blue Land 쇼%%로툰다 / 2층 로툰다 / 07:30~21:00 / 매시 15분, 45분 : 키네틱 미디어 아트 쇼%%비즈니스 센터 / 오션타워 1층 / 24시간 운영%%CU편의점 / 인스파이어 몰 1층 09:00 ~ 22:00 / 로툰다 2층 08:00 ~ 04:00%%사우나 (웰니스클럽) / 호텔 투숙객 전용 시설 / 07:00 ~ 21:00 (호텔 상황에 따라 변경 될 수 있음) / 건식 사우나%%실내수영장 / 3층 / 07:00~21:00 / 호텔 투숙객 전용 시설 / 1박 당 1회 2시간 이용 가능, 개별 예약 필요 / 14세 이하는 부모님 동반 이용 / 수모 필수 착용 후 이용 가능%%피트니스 센터 / 3층 / 07:00~21:00? / 호텔 투숙객 전용 시설 / 1박당 1회 & 17세 이상부터 피트니스 센터 입장 및 이용 가능%%모든 물놀이 및 사우나 시설은 과도한 문신을 한 경우 이용이 제한됩니다",,,웰니스 클럽 (실내수영장+사우나+피트니스)%%공항 셔틀 무료 이용 (인스파이어 홈페이지 참고),,"조식 정보%%셰프스 키친 / 2층 로툰다 / 1부 06:30~08:30, 2부 09:00~10:30, 3부 11:00~12:30%%1인 72,000원 (만 13세 이상~성인), 36,000원 (37개월 이상~만 12세 이하), 37개월 미만 무료%%현장 결제","최초 1박에만 취소 규정 적용, 이후 일자 100% 환불%%체크인일 기준 3일 전 24시까지 : 100% 환불%%체크인일 기준 2일 전~당일 및 No-show : 환불 불가%%취소, 환불 시 수수료가 발생할 수 있습니다%%각 상품별로 취소 규정이 상이하오니 예약 시 참고하여 주시기 바랍니다","체크인 시 Deposit(보증금) 요구할 수 있고, 퇴실 시 전액 환불됩니다%%(단, 유료서비스 이용 및 기물파손 시 청구될 수 있음)%%위의 정보는 호텔의 사정에 따라 변경될 수 있습니다%%미성년자는 보호자 동반 없이 이용이 불가합니다%%이미지는 실제와 상이할 수 있습니다%%체크인 시 배정 상품 또는 베드 타입이 미기재된 상품은 특정 객실과 베드 타입을 보장하지 않습니다%%객실가는 세금, 봉사료가 포함된 금액입니다%%수영장 운영은 날씨 또는 호텔 상황에 따라 변동될 수 있습니다%%반려동물 입실은 불가하며 보조견 표지를 붙인 장애인 보조견만 가능합니다%%분실물 규정으로는 음식물은 습득 시 보관되지 않으며, 일반물품 및 귀중품은 인스파이어 호텔 내 30일 보관 후 경찰서로 이관됩니다"
21,신화관 제주신화월드 호텔앤리조트는 제주 최대의 워터파크를 이용하기 가장 좋은 위치에 자리잡고 있습니다%%제주의 자연을 배경으로 인생에 남길만한 사진과 럭셔리한 휴식을 즐길 수 있는 스카이풀은 가족과 연인들에게 최고의 프리미엄 리조트라 자부할 수 있습니다,"체크인 : 15:00 l 체크아웃 : 11:00%%22시 이후 체크인 시 호텔 프런트 문의%%무료 Wi-Fi%%전 객실 금연%%Bath Amenity(치약, 칫솔 유료)%%일회용품 무상 제공 중단 안내 / 일회용품 관련 법규에 따라 일회용품(칫솔, 치약, 면도기 등)을 무료로 제공하지 않습니다 환경 보호에 동참해 주셔서 감사합니다%%고급 어메니티%%무료 주차장, 전기차 급속 충전소",,,"인원+엑스트라 베드 추가: 1인 1박 55,000원 (디럭스 킹 객실 한정, 유효 재고 시 가능)%%최대 인원 초과 불가 / 영유아 인원수 포함%%현장 결제 및 프런트 문의",,"부대시설 : 스카이 풀, 신화워터파크, 피트니스, 코트야드 등%%유의사항 : 스카이풀과 워터파크는 분리 운영되어, 워터파크 이용 시 스카이풀 내부가 아닌 워터파크 메인 게이트로 입장 가능%%키즈 프로그램(유료) : 신화 액티비티, 플레이타임%%기타 : 신화테마파크, 신세계사이먼 제주 프리미엄 전문점, 영화관, 전시관, 스파, 라운지클럽 등%%각 시설별로 운영시간 및 이용안내는 상황에 따라 상이하거나 일부 변경될 수 있사오니 자세한 내용은 제주신화월드 공식 홈페이지를 참고하시거나 혹은 대표번호(1670-1188)로 문의 부탁드립니다",,,"스카이 풀 무료 이용 / QR코드 사전등록, 투숙 중에만 이용 가능 (입실 전/퇴실 후 이용 불가), 수건 및 구명조끼 무료 제공%%신화워터파크 무료 이용 / 체크인 시 워터파크 입장권(QR) 박당/인원 수 제공, 투숙 기간 내 이용 가능, 워터파크 락커 무료 제공, 수건 및 구명조끼 유료%%신화테마파크 무료 입장 / BIG3 이용권 제공 (투숙기간 중 1회, 투숙객 전원 제공)%%코트야드, 피트니스 무료 이용%%유아용품 무료 대여 (객실 예약 시 요청 필수, 한정 수량)%%투숙객 무료 주차 및 전기차 급속/완속 충전 시설(유료) 이용 가능%%제주신화월드 멤버십 ‘신화리워드’ 무료 회원가입 후 직영/참여 매장 내 결제 시 적립 및 할인 혜택",,"조식 정보%%1인 58,000원(만 13세~성인), 35,000원(37개월~만 12세)%%현장 결제 및 프런트 문의","체크인일 기준 7일 전까지 : 100% 환불%%체크인일 기준 6일 전~당일 및 No-show : 환불 불가%%취소, 환불 시 수수료가 발생할 수 있습니다%%성수기 : 4월~10월, 12월 23일~31일 / 비수기 : 성수기 기간 외","해당 객실가는 세금, 봉사료가 포함된 금액입니다%%최대인원 초과 시 입실이 불가합니다%%해당 이미지는 실제와 상이할 수 있습니다%%동절기에 수영장은 실내 전용으로 운영됩니다%%모든 상품 및 패키지의 부분 환불은 불가합니다%%미성년자는 보호자 동반 없이 이용이 불가합니다%%반려 동물은 입실이 불가하며, 보조견만 가능합니다%%체크인 시 배정 또는 베드 타입 미기재 상품은 특정 객실과 베드 타입을 보장하지 않습니다%%호텔 부대시설 및 수영장 운영 정보는 호텔 운영상황에 따라 사전 고지 없이 변경될 수 있습니다%%호텔 도착 시, 호텔 정문의 리셉션 데스크에 짐을 보관하신 후 주차장으로 진입하시면 더욱 편리하게 이용이 가능합니다%%B1 지하 주차장은 계단으로 이용이 가능합니다"
22,"소소하게 행복이 머무는 공간입니다.%%# 새로 오픈했어요%%# 전주 한옥마을 내에 위치 하고 있으며 전주 한옥마을 공용주차장에서 도보로 3~5분 소요 됩니다.%%# 전 객실 소독용 에탄올로 소독하고 있으며 객실청소,퇴실후,입실전 총 3번 소독을 하고 있습니다. %%# 침구는 화학약품 및 락스를 사용하지 않으며 베이킹,과탄산소다 오직 천연 세제를 사용하며 매 번 침구 교체를 원칙으로 합니다. 쾌적하고 깨끗한 공간을 위해 노력하고 있으며 신생아,영아,모든 고객들이 안심하고 사용할수 있는 공간 입니다.%%# 전주 한옥 마을 공용주차장과 주요 관광지 그리고 먹거리와 즐길거리 모두 도보로 가능한 위치에 있습니다.%%: 도보 3~5분 - 공영 주차장,최명희 문학관,메인거리%%: 도보 10~15분- 경기전 오목대,전동성당,향교,메인거리,동문길(먹자골목)",,,영.유아도 인원수에 포함해주시고 최대인원수를 초과하시면 안됩니다%%전 객실 금연 (한옥마을은 목조건물로 이루어져 있어 금연구역으로 지정되어 있습니다.흡연 시 미환불강제 퇴실)%%전 객실 취사금지%%시설물을 파손하거나 침구류 훼손 및 오염(세탁 불가능) 시 전액 배상%%타인에게 피해나 불쾌감을 주는 행위 또는 게스트하우스 이용 규정을 지키지 않을 경우 강제 퇴실 조치%%보호자 미동반 미성년자 입실 불가 (업체 문의 필수)%%반려 동물은 입장 불가(몰래 입장시 미환불 강제 퇴실)%%숙박양도 사기사건에대해 책임없으며 양도시 미환불강제퇴실합니다,인원 추가 시 1인 20000원(영유아 포함),,,전주시에서 운영하는 전주 한옥마을 공용주차장 1.2.3.4 주차 가능(50%할인)%%1.2 주차장 이용시 도보로 3분소요,,,,,"체크인일 기준 10일 전 : 100% 환불%%체크인일 기준 9일 전 ~ 당일 및 No-Show : 환불 불가%%취소, 환불 시 수수료가 발생할 수 있습니다",위의 정보는 게스트하우스 사정에 따라 변경될 수 있습니다%%해당 이미지는 실제와 상이 할 수 있습니다%%예약 확정 이후의 취소는 취소환불규정에 의거하여 적용됩니다
23,24게스트하우스 잠실점은 언제나 여러분들의 즐거움 가득한 여행에 쾌적하고 편안한 휴식을 제공해드리기 위한 목표로 쉼없이 움직입니다.,,,"전객실 금연%%애완동물 출입 불가%%세탁 및 건조기 사용 가능 (이용시간: 오후 3시~10시)%%비대면 입실: 보호자 동반 가족, 동성끼리의 성인 숙박은 입실 시간 제한 없음%%(가족동반 제외한 남녀혼숙의 경우 사전에 미리 연락 바랍니다)%%*** 단, 외국인, 미성년자, 남녀혼숙, 주차 고객: 밤 10시 전까지만 입실 가능 ***%%보호자 동반 없이 숙박하실 미성년자 예약문의는 사전에 미리 연락하셔야 예약 가능",,,,주차가 필요하신 경우 예약 전 미리 연락을 주세요!%%주차 예약을 미리 하셔야 주차 가능합니다(선착순 예약제),,,,,"체크인 기준 10일 전 : 100% 환불%%체크인 기준 9일 ~ 7일 전 : 90% 환불%%체크인 기준 6일 ~ 5일 전 : 70% 환불%%체크인 기준 4일 전 : 50% 환불%%체크인 기준 3일 전 ~ 당일 및 No-Show : 환불불가%%취소,환불 시 수수료가 발생할 수 있습니다.","해당 이미지는 실제와 상이 할 수 있습니다%%예약 확정 이후의 취소는 취소 환불 규정에 의거하여 적용됩니다%%취소, 환불 시 수수료가 발생할 수 있습니다"
24,"사계절 푸르른 소나무의 싱그러움과 작은 시내 줄기 하나하나를 포용하여 흐르는 강의 포근함, 미항 서귀포의 아름다움.%%사랑하는 이와 함께 할 수 있는 시간, 더 큰 꿈을 위해 비상을 준비하는 시간, 지친 일상에서 잠시 벗어나 달콤한 휴식을 즐기는 시간, 고객님들의 귀하고 소중한 시간을 가장 기억에 남을 추억으로 남겨드리도록 노력하는 호텔입니다%%서귀포 외돌개 방향 , 칠십리공원 바로 앞에 위치하여 산책하기 좋은곳이며, 풍경호텔 별관은 황우지선녀탕 방향 전객실 오션뷰로 이루어져 있습니다%%오랜 시간 고객님을 맞이하기 위해 분주히 준비하고, 저희 호텔을 만족해하실 고객님을 생각하며, 큰 희망에 찬 꿈을 꾸어 온 시간이 지나고 이제 꿈이 현실이 될 시간이 왔습니다%%다양한 부대시설과 고객님들 한 분 한 분을 위한 특별한 이벤트, 차별화된 객실 서비스로 고객분들을 맞이하겠습니다%%현재 코로나로 인해 프론트 미운영, 비대면 체크인을 실시하고 있습니다%%체크인 전 반드시 업체로 문의 전화 부탁드립니다",,,"체크인 오후 3시 ~ 오후 11시 (얼리체크인 시 업체 문의)%%체크아웃 오전 11시%%전객실 금연, 흡연 시 외부 이용%%금연건물로 흡연 시 미환불 강제퇴실, 크리닝 비용 10만원 청구%%애완동물 출입금지%%시설물을 파손하거나 침구류 훼손 및 오염(세탁 불가능)시 전액 배상%%보호자 미동반 미성년자 입실 불가(업체 문의 필수)%%현재 코로나로 인해 프론트 미운영, 비대면 체크인을 실시(체크인 전 반드시 업체로 문의 전화 필수)","인원 추가비용 1인 15,000원 (만 4세이상)",,,건물 앞 주자창 무료,,,,,"체크인일 기준 7일 전 : 100% 환불%%체크인일 기준 6 ~ 5일 전 : 50% 환불%%체크인일 기준 4일 전 ~ 당일 및 No-Show : 환불불가%%취소, 환불시 수수료가 발생할 수 있습니다.",본관 : 제주특별자치도 서귀포시 남성중로 147%%별관 : 제주특별자치도 서귀포시 남성로 117%%시즌별 객실 가격 상이하오니 확인 바랍니다%%위의 정보는 게스트하우스 사정에 따라 변경될 수 있습니다%%해당 이미지는 실제와 상이할 수 있습니다%%예약 확정 이후의 취소는 취소환불규정에 의거하여 적용됩니다
25,"20년 4월 신축 오픈한 호스텔로 시내 최고의 위치!%%봉황대를 바라보며 먹는 조식!%%넓고 쾌적한 공간이 준비되어 있습니다%%모든 침구류는 매일 체크아웃 후 1일 1세탁하고 있으며, 객실 소독을 함께 진행하고 있습니다%%저희 봉황맨션을 방문해주시는 고객님들께서 내 집처럼 편히 지내실 수 있도록 최선을 다하겠습니다%%봉황맨션은 객실 방역을 철저히 하고 있습니다",,,늦은 체크인 시 사전 연락 필수%%전 객실 금연(금연건물로 흡연 시 미환불 강제 퇴실)%%시설물을 파손하거나 침구류 훼손 및 오염 (세탁 불가능) 시 전액 배상%%타인에게 피해나 불쾌감을 주는 행위 또는 게스트하우스 이용규정을 지키지 않을 경우 강제 퇴실 조치%%보호자 미 동반 미성년자 입실 불가 (업체 문의 필수),,,,주차가능,,,,레이트체크아웃시1시간당10.000원,"체크인일 기준 7일 전 : 100% 환불%%체크인일 기준 6 ~ 4일 전 : 50% 환불%%체크인일 기준 3일 전 ~ 당일 및 No-Show : 환불 불가%%취소, 환불 시 수수료가 발생할 수 있습니다",시즌별 객실 가격 상이하오니 확인 바랍니다%%위의 정보는 게스트하우스 사정에 따라 변경될 수 있습니다%%해당 이미지는 실제와 상이 할 수 있습니다%%예약 확정 이후의 취소는 취소 환불 규정에 의거하여 적용됩니다
26,"사람을 좋아하고 여행을 사랑하는 사장언니입니다.%%강릉 버스터미널과 가장 가까운 게스트하우스!%%강릉역, 강릉 중앙시장 근처에 있는 강릉게스트하우스 중앙점입니다%%강릉에서 교통이 가장 좋은 강릉시내 중심에 위치해 있기 때문에 강릉의 어느 여행지이든 편리한 교통으로 여행하실 수 있는 강릉 여행 최고의 베이스캠프입니다",,"건물내 금연%%애완동물 출입금지%%객실 내 음식물 반입 및 섭취 금지(로비 이용)%%체크인 시간:pm4-pm11(11시 이후에는 체크인이 불가능합니다)%%체크아웃시간: 10am%%건물문 통제 시간(리셉션 종료):am12 ~ am6%%안전상의 이유로 밤12시부터 아침6시까지 건물이 잠기고 보안이 걸려서 건물 출입이 불가능합니다. 일출이나 차편때문에 일찍 나가셔야하는 경우 체크인하실 때 말씀해주시면 안내해드리고있습니다.%%체크아웃시간인 오전10시부터 체크인시간인 오후4시까지 건물이 잠겨있습니다(청소 및 정비).%%짐 보관을 원하시는 경우 오전 10시 이전에 게스트하우스에 오시거나 그 이후에는 강릉역, 강릉버스터미널, 강릉 중앙시장2층 고객쉼터에 보관가능합니다.%%연박하시는 경우에도 오전10시부터 오후4시까지 건물내에 계실 수 없습니다(짐보관가능)%%미성년자는 보호자 동행없이 입실 불가%%저희 게스트하우스는 커플룸을 운영하지 않습니다. 가족외의 혼숙은 불가능합니다.%%로비 이용시간: am8:00-am10:00, pm4:00~pm11:59 (12시 소등)",,,,,"게스트하우스 근처에 있는 공영주차장(무료), 중앙동주민센터 주차장, 근처 골목에 가변주차 가능",,,,"현장 요금 추가 정보%%[칫솔 및 면도기] 1개당 1,000원%%[수건 추가] 1장 1,000원%%[칵테일] 8,000원~%%[소주] 3,500원~%%[맥주 및 생맥주] 4,000원~%%[청하 및 별빛청하] 4,000원~","체크인일 기준 7일 전 : 100% 환불%%체크인일 기준 6 ~ 4일 전 : 50% 환불%%체크인일 기준 3일 전 ~ 당일 및 No-Show : 환불불가%%취소, 환불 시 수수료가 발생할 수 있습니다","해당 이미지는 실제와 상이 할 수 있습니다%%예약 확정 이후의 취소는 여기어때 취소환불규정에 의거하여 적용됩니다%%객실 내 음식물 반입 및 섭취 금지(로비 이용)%%체크인 시간:pm4-pm11(11시 이후에는 체크인이 불가능합니다)%%체크아웃시간: 10am%%건물문 통제 시간(리셉션 종료):am12 ~ am6%%안전상의 이유로 밤12시부터 아침6시까지 건물이 잠기고 보안이 걸려서 건물 출입이 불가능합니다. 일출이나 차편때문에 일찍 나가셔야하는 경우 체크인하실 때 말씀해주시면 안내해드리고있습니다.%%체크아웃시간인 오전10시부터 체크인시간인 오후4시까지 건물이 잠겨있습니다(청소 및 정비).%%짐 보관을 원하시는 경우 오전 10시 이전에 게스트하우스에 오시거나 그 이후에는 강릉역, 강릉버스터미널, 강릉 중앙시장2층 고객쉼터에 보관가능합니다.%%연박하시는 경우에도 오전10시부터 오후4시까지 건물내에 계실 수 없습니다(짐보관가능)%%미성년자는 보호자 동행없이 입실 불가%%저희 게스트하우스는 커플룸을 운영하지 않습니다. 가족외의 혼숙은 불가능합니다.%%로비 이용시간: am8:00-am10:00, pm4:00~pm11:59(12시 소등)"
27,"여행을 좋아하고 사람만나는 걸 좋아해서 여행하는 사람을 만나는 게스트하우스를 운영하고 있는 구본근이라고합니다.%%2005년 북한 금강산으로 시작하여 총 18개국을 여행했고 앞으로도 중남미,아프리카,동유럽,북유럽 그리고 시베리아 횡단열차 여행을 원하고있습니다.%%국내,해외 여행이야기,일상적인 사는 이야기도 너무 좋아합니다.%%게스트하우스 1 층 카페테리아 공간에서 종종 게스트분들과 한잔하면서 이야기하는것 좋아합니다.%%완전한 타인이기에 속깊은 이야기도 가능하다고 생각합니다.",,,"체크인 : 15:00~21:00(21시 이후 셀프체크인-방번호,비번,아침식사 안내문자로전송)%%체크아웃 : 11:00까지.%%체크인 전, 체크아웃 후 짐보관 가능합니다.%%전객실금연 (금연건물로 흡연시 미환불 강제퇴실)%%객실 내 식음 절대 금지, 1층 카페테리아 이용%%대전 하늘정원 게스트하우스는 한국공정거래위원회에에서 나온 소비자 분쟁 해결 기준을 환불기준으로 하고 있으며 소비자 피해 발생 시 소비자 분쟁 조정 위원회 결과를 준수합니다%%보호자 동반 없는 미성년자 입실 불가 (업체 문의 필수)%%자녀,부모와 같이 숙박하지않으면 혼숙불가(커플,부부만 2인예약불가)%%12시 이후 음주고객 건물출입불가%%출장,면접,시험,관광을 위한 숙소입니다 음주하고 하루 잘곳이 필요한분은 다른 숙소를 이용하시기 바랍니다",,,,숙소 앞 무료주차 가능 (최대 9대)%%걸어서3분거리 공영주차장 2곳%%1곳-무료%%1곳-주말무료,,,,"현장 요금 추가 정보%%물건파손,침구류오염시 구매,세탁비용청구","체크인일 기준 7일 전 : 100% 환불%%체크인일 기준 6 ~ 4일 전 : 50% 환불%%체크인일 기준 3일 전 ~ 당일 및 No-Show : 환불불가%%취소, 환불시 수수료가 발생할 수 있습니다",위의 정보는 게스트하우스 사정에 따라 변경될 수 있습니다%%해당 이미지는 실제와 상이 할 수 있습니다%%예약 확정 이후의 취소는 취소환불규정에 의거하여 적용됩니다%%환불은 소비자 분쟁 해결기준을 준수하고 소비자 피해 발생시 소비자 분쟁 조정 위원회 결과를 준수합니다.
28,"2022년 12월 신축으로 오픈한 춘천 대형 레지던스 벨라시티입니다. %%전 객실 호텔식침구가 구비되어 있으며,춘천 레고랜드와 차량으로 9분거리 춘천 먹자골목(닭갈비골목/로데오) 도보 5분거리에 있습니다.%%그 외 명소와도 인접해있는 숙소입니다.",숙소 프론트 운영시간 : AM08:00~AM24:00 (입실마감 : PM23:00)%%오후 늦게 입실 시 사전연락 필수,"숙박관련 문의가능 시간은 09:00~21:00 까지 가능합니다%%월~금(평일) : 체크인 15시 / 체크아웃 11시%%토, 일, 공휴일 : 체크인 16시 / 체크아웃 11시%%입실마감 23시 까지%%11시 이후 퇴실 시, 1시간당 10,000원 추가금액 발생","객실 구성 : 원룸형 거실+침실+주방+화장실%%원형테이블/의자세트 또는 삼각테이블 구비%%넷플릭스 개인 계정 로그인%%기준인원 외 추가입실 불가%%객실 침구 2인 세팅%%%%[세스코 방역/멤버스 제휴업체]%%침구 구성 : 더블%%호텔 침구 면 100%%숙소 이용규칙%%객실의 최대인원 외 추가입실은 불가능 (24개월 미만 영유아 포함)%%전 객실 욕실용품(비데, 드라이기, 고데기 샴푸,린스,바디(케라시스), 손세정제(홀마))%%취사는 가능하나, 위생상의 이유로 조리 도구는 대여하지 않습니다%%친환경 정책으로 인하여 1회용품은 배치 되어있지 않습니다 (어메니티 유료제공/프론트 판매)%%전자레인지, 정수기는 프론트에서 공용사용 가능합니다%%미성년자 혼숙예약으로 입실 거부시 취소/환불 불가 합니다",,,,,,,,,"숙박일 기준 5일전 : 100% 환불%%숙박일 기준 4일전 : 80% 환불%%숙박일 기준 3일전 : 70% 환불%%숙박일 기준 2일전 : 50% 환불%%숙박일 기준 1일전 : 30% 환불%%숙박일 당일 및 No-show : 환불불가%%취소, 환불 시 수수료가 발생할 수 있습니다","최대 인원 초과 및 방문객은 입실하실 수 없습니다.%%해당 숙소는 반려동물과 함께 입실하실 수 없습니다.%%미성년자는 보호자 동반 없이 이용하실 수 없습니다.%%이용시설의 분실 및 훼손의 책임은 이용자에게 있으니 주의부탁드립니다.%%객실 내에서 개별 화기 용품, 화재 위험 물질 등은 사용하실 수 없습니다.%%이미지, 숙소 정보는 숙소 사정에 의해 변경될 수 있습니다."
29,"애월 연꽃마을 하가리에 위치한 독채 풀빌라 안심여관입니다%%오랜시간 기억되고 싶은 안심여관은 제주에서 또다른 감성을 느낄 수 있는 곳으로 안채,별채,수영장을 한팀이 모두 사용하는 독채숙소입니다.%%사계절 이용가능한 대형 수영장과 감성 물씬한 별채 주방에서의 즐거움..%%따뜻한 차와 함께 여행의 피로를 풀 수 있는 히노끼탕에서는 진정한 쉼을..%%즐거움과 쉼이 공존하는 곳""안심여관""입니다.",,입실 : 16시 / 퇴실 11시%%오후 10시 이후에는 사전 문의 필수,"객실 구성 : 객실 2개+거실+욕실 2개%%더블침구류 제공, 수건, 다이슨드라이기, 샴푸, 린스, 바디워시, 일리커피머신, 뱅앤울룹슨 A9 스피커, 삼성세로TV, 전기주전자, 다기세트%%침구 구성 : 더블 침구2%%%%숙소 이용규칙%%인원 추가 비용 : 1인 30,000원 (12개월 이상), 12개월 미만 무료%%침구 추가 : 1개 30,000원%%실내 절대 금연입니다.%%안채,별채에 전시된 모든 술은 전시용 입니다. 개봉,파손시 비용이 청구됩니다.%%침구에서 음식섭취는 불가합니다. 침구의 오염이 심할경우 세탁비용이 청구됩니다.%%주변이 인가가 많으니 밤10시 이후에는 소음에 주의해주세요.%%연박시 중간청소,침구교체는 하지않습니다.%%예약된 인원이상 입실 시 환불없이 퇴실조치합니다.%%보안과 안전상의 이유로 외부CCTV는 24시간 녹화됩니다.",,,"바비큐 : 30,000원 / 22:00까지 / 입실 전 신청 필수, 입실 후 신청 불가 / 우천 시 불가%%개별 수영장 (사계절 운영) : 미온수 유료 / 10시 이후 소음에 주의 / 이용 복장 수영복%%실내 자쿠지 (사계절 운영) : 무료 / 이용 시간, 복장 제한 없음%%수영장은 4계절 이용 가능합니다.%%실내 자쿠지는 무료로 직접 물을 받아서 이용하시면 됩니다.%%자쿠지에 거품있는 개인입욕제 사용은 불가합니다.%%자쿠지,수영장 이용시 미끄러울수 있으니 주의해주세요.%%특히,어린이는 부모님이 꼭 지켜봐주세요.%%별채는 감성 주방으로 취사가 가능하지만 삼겹살, 생선구이등 냄새가 많이나는 음식 조리는 불가합니다.",,,,,,"숙박일 기준 20일 전 : 100% 환불%%숙박일 기준 15일 전 : 80% 환불%%숙박일 기준 10일 전 : 60% 환불%%숙박일 기준 7일 전 : 40% 환불%%숙박일 기준 5일 전 : 20% 환불%%숙박일 기준 4일 전~당일 및 No-show : 환불 불가%%취소, 환불 시 수수료가 발생할 수 있습니다","최대 인원 초과 및 방문객은 입실하실 수 없습니다.%%해당 숙소는 반려동물과 함께 입실하실 수 없습니다.%%미성년자는 보호자 동반 없이 이용하실 수 없습니다.%%이용시설의 분실 및 훼손의 책임은 이용자에게 있으니 주의부탁드립니다.%%객실 내에서 개별 화기 용품, 화재 위험 물질 등은 사용하실 수 없습니다.%%이미지, 숙소 정보는 숙소 사정에 의해 변경될 수 있습니다."
30,"1.오픈 테라스와 침실에서 바다와 광안대교 조망.(아침 일출 조망 가능)%%2. 주변 근거리(100m)내 유명카페와 식당이용 가능.%%3. 전철역(2호선,금련산역)서 5분 거리(430m).%%4. 숙소에서 광안해변 인접(10초/ 30m)%%5. 건물내 무료 타워 주차 가능(높이1.55m이하 차만)%%-초과차량 바로 옆건물 지하 유료 주차(1만/일)",,,"입실 : 15시 / 퇴실 11시%%오후 10시 이후에는 사전 문의 필수%%%%객실 구성 : 객실+거실+욕실%%침구 구성 : 더블 2개%%숙소 이용규칙%%인원 추가 비용 : 1인 10,000원 (12개월~24개월), 20,000원 (24개월~6세 미만), 25,000원 (6세 이상)%%침구 추가 : 더블참대 2개, 바닥이불 6ea%%%%1. 밤 12시이후 소음 자제%%2. 체크아웃 2시간까지만 연장 가능(1시간당 3만원)%%-가급적 시간 연장 자제 부탁",,,"짐보관 가능 (체크인시에만) / 장애인편의시설 (주차장만)%%1. 다이슨 어어랩 무료 사용 가능%%2. 실내 진공청소기와 스팀다리미 있음%%3. 숙소내 레트로 개임기 있음(2인용)%%4. 거실내 8인용 식탁과 의자 완비%%5. 인턱션서 취사 가능(2구)%%6. 건물내 무료 타워 주차는 높이 1.55m이하차와 중량 1,850kg이하 만 가능함(1대)",,,,,,"숙박일 기준 10일전 : 100% 환불%%숙박일 기준 9일전 : 50% 환불%%숙박일 기준 7일전 : 40% 환불%%숙박일 기준 4일전 : 30% 환불%%숙박일 기준 2일전 : 20% 환불%%숙박일 기준 1일전 : 10% 환불%%숙박일 당일 및 No-show : 환불불가%%취소, 환불 시 수수료가 발생할 수 있습니다","최대 인원 초과 및 방문객은 입실하실 수 없습니다.%%해당 숙소는 반려동물과 함께 입실하실 수 없습니다.%%미성년자는 보호자 동반 없이 이용하실 수 없습니다.%%이용시설의 분실 및 훼손의 책임은 이용자에게 있으니 주의부탁드립니다.%%객실 내에서 개별 화기 용품, 화재 위험 물질 등은 사용하실 수 없습니다.%%이미지, 숙소 정보는 숙소 사정에 의해 변경될 수 있습니다."
